transaction_id,customer_id,date,amount_eur,category,channel
T01904,C0035,2026-01-01,-23.94,restaurants,card
T04806,C0117,2026-01-01,-285.66,travel,direct debit
T02651,C0097,2026-01-01,-808.14,travel,card
T00729,C0233,2026-01-01,2405.02,salary,online banking
T05834,C0200,2026-01-01,-54.86,restaurants,direct debit
T02759,C0070,2026-01-01,-922.84,rent,direct debit
T01528,C0296,2026-01-01,-945.26,rent,direct debit
T01314,C0022,2026-01-01,-150.02,insurance,direct debit
T04768,C0096,2026-01-01,-335.31,shopping,online banking
T01629,C0021,2026-01-01,-84.83,travel,direct debit
T02621,C0141,2026-01-01,-41.99,groceries,online banking
T04156,C0232,2026-01-01,-64.63,groceries,online banking
T03779,C0056,2026-01-01,-389.53,shopping,app transfer
T04603,C0040,2026-01-01,-782.57,rent,direct debit
T01863,C0243,2026-01-01,3181.57,salary,app transfer
T05690,C0213,2026-01-01,2954.18,salary,direct debit
T04292,C0169,2026-01-01,-27.58,restaurants,online banking
T00840,C0100,2026-01-01,-56.1,shopping,online banking
T02620,C0055,2026-01-01,-78.51,restaurants,card
T04461,C0227,2026-01-02,-31.22,groceries,direct debit
T05372,C0073,2026-01-02,-753.86,travel,direct debit
T05361,C0203,2026-01-02,-183.87,shopping,card
T05812,C0265,2026-01-02,-544.26,travel,direct debit
T04243,C0007,2026-01-02,-58.46,restaurants,app transfer
T02217,C0148,2026-01-02,-1156.03,rent,direct debit
T04637,C0209,2026-01-02,-23.99,groceries,online banking
T04092,C0048,2026-01-02,-37.42,restaurants,card
T04370,C0243,2026-01-02,-28.09,insurance,card
T05503,C0117,2026-01-02,-165.54,shopping,direct debit
T00944,C0295,2026-01-02,-1139.61,rent,direct debit
T03309,C0280,2026-01-02,-105.03,groceries,online banking
T03256,C0294,2026-01-02,-132.87,shopping,card
T03234,C0223,2026-01-02,-37.69,insurance,card
T03770,C0050,2026-01-02,-100.79,utilities,direct debit
T05064,C0077,2026-01-02,-124.74,travel,app transfer
T01512,C0097,2026-01-02,-1586.87,rent,direct debit
T00169,C0115,2026-01-02,-690.31,travel,direct debit
T05915,C0227,2026-01-02,-98.77,groceries,direct debit
T02840,C0204,2026-01-02,-124.6,utilities,direct debit
T02806,C0027,2026-01-02,-445.24,travel,card
T01322,C0069,2026-01-02,-76.18,groceries,card
T03984,C0112,2026-01-02,-43.41,utilities,direct debit
T04031,C0232,2026-01-02,-1133.92,rent,direct debit
T01159,C0070,2026-01-02,-84.11,insurance,direct debit
T02102,C0087,2026-01-02,-202.34,utilities,direct debit
T05664,C0029,2026-01-03,-807.64,rent,direct debit
T03413,C0284,2026-01-03,-71.36,restaurants,direct debit
T00826,C0256,2026-01-03,-117.28,insurance,online banking
T00644,C0207,2026-01-03,-61.78,insurance,online banking
T00994,C0077,2026-01-03,-121.91,utilities,direct debit
T01030,C0080,2026-01-03,1880.59,salary,direct debit
T01078,C0088,2026-01-03,-389.7,shopping,card
T01197,C0138,2026-01-03,-72.71,insurance,card
T05003,C0177,2026-01-03,-104.26,shopping,card
T05710,C0240,2026-01-03,-140.56,insurance,online banking
T04857,C0103,2026-01-03,-757.18,rent,direct debit
T04847,C0191,2026-01-03,-826.74,rent,direct debit
T04840,C0162,2026-01-03,-864.37,travel,app transfer
T04795,C0244,2026-01-03,-117.17,utilities,direct debit
T04893,C0107,2026-01-03,-150.37,insurance,app transfer
T00225,C0047,2026-01-03,-85.55,restaurants,online banking
T01828,C0276,2026-01-03,1977.9,salary,card
T01465,C0227,2026-01-04,-95.57,travel,online banking
T00828,C0041,2026-01-04,-59.15,insurance,direct debit
T03343,C0031,2026-01-04,-1372.47,rent,direct debit
T03506,C0116,2026-01-04,-195.6,travel,online banking
T00969,C0042,2026-01-04,-21.16,insurance,card
T02178,C0077,2026-01-04,-38.3,restaurants,direct debit
T03498,C0070,2026-01-04,-91.95,utilities,direct debit
T05774,C0275,2026-01-04,-25.67,restaurants,direct debit
T03898,C0031,2026-01-04,-167.86,utilities,direct debit
T03128,C0115,2026-01-04,-85.72,shopping,card
T01903,C0160,2026-01-04,-324.19,shopping,app transfer
T04899,C0098,2026-01-04,-105.63,insurance,online banking
T00568,C0274,2026-01-04,-62.03,restaurants,card
T00561,C0276,2026-01-04,-579.16,travel,app transfer
T00345,C0078,2026-01-04,-235.13,utilities,direct debit
T05511,C0272,2026-01-04,-318.63,travel,online banking
T04403,C0223,2026-01-05,-111.61,utilities,direct debit
T00309,C0272,2026-01-05,-59.6,restaurants,app transfer
T00142,C0020,2026-01-05,-126.37,shopping,card
T03992,C0199,2026-01-05,-68.68,groceries,direct debit
T03545,C0177,2026-01-05,-937.19,rent,direct debit
T04083,C0246,2026-01-05,-32.37,groceries,direct debit
T00202,C0078,2026-01-05,-29.06,restaurants,online banking
T05067,C0213,2026-01-05,-82.26,utilities,direct debit
T03502,C0092,2026-01-05,-1490.51,rent,direct debit
T05072,C0243,2026-01-05,-59.16,groceries,online banking
T05175,C0246,2026-01-05,-107.01,shopping,online banking
T02263,C0154,2026-01-05,-113.07,insurance,card
T05846,C0292,2026-01-05,-80.25,groceries,online banking
T00719,C0125,2026-01-05,-1570.39,rent,direct debit
T01544,C0101,2026-01-05,-109.69,utilities,direct debit
T03489,C0168,2026-01-05,3911.49,salary,direct debit
T00697,C0154,2026-01-05,-142.54,insurance,direct debit
T01327,C0091,2026-01-05,-768.53,rent,direct debit
T02753,C0126,2026-01-05,-319.91,travel,app transfer
T03213,C0173,2026-01-05,-535.73,travel,direct debit
T01810,C0063,2026-01-05,3639.81,salary,card
T00780,C0239,2026-01-05,-15.46,groceries,direct debit
T01878,C0057,2026-01-05,-204.58,shopping,app transfer
T05687,C0160,2026-01-05,-86.0,restaurants,direct debit
T00891,C0046,2026-01-05,2848.97,salary,online banking
T03336,C0028,2026-01-05,-182.85,utilities,direct debit
T03474,C0025,2026-01-05,-88.64,restaurants,direct debit
T01262,C0177,2026-01-05,2267.09,salary,app transfer
T01531,C0203,2026-01-05,-53.99,restaurants,online banking
T01713,C0109,2026-01-06,-71.01,restaurants,direct debit
T05535,C0274,2026-01-06,-1054.93,rent,direct debit
T01433,C0020,2026-01-06,-888.08,rent,direct debit
T01351,C0120,2026-01-06,-1080.74,rent,direct debit
T05053,C0027,2026-01-06,2316.07,salary,app transfer
T01073,C0155,2026-01-06,-70.85,restaurants,card
T00928,C0161,2026-01-06,-618.61,travel,card
T05275,C0152,2026-01-06,-185.41,shopping,card
T01438,C0040,2026-01-06,-622.55,travel,app transfer
T02173,C0233,2026-01-06,-1111.83,rent,direct debit
T04239,C0230,2026-01-06,-74.55,shopping,direct debit
T05488,C0297,2026-01-06,-163.95,utilities,direct debit
T03276,C0225,2026-01-06,3044.43,salary,card
T00397,C0229,2026-01-06,3783.93,salary,app transfer
T03674,C0126,2026-01-06,-12.81,groceries,direct debit
T05451,C0238,2026-01-06,-1089.25,rent,direct debit
T00594,C0258,2026-01-06,2710.77,salary,app transfer
T00151,C0299,2026-01-06,-112.01,shopping,direct debit
T02955,C0017,2026-01-06,-95.37,groceries,card
T05436,C0294,2026-01-06,-119.04,groceries,online banking
T03071,C0238,2026-01-06,-27.98,restaurants,app transfer
T02657,C0207,2026-01-06,2615.89,salary,direct debit
T04141,C0176,2026-01-06,-113.43,groceries,direct debit
T02116,C0258,2026-01-07,-246.64,shopping,card
T02405,C0075,2026-01-07,-95.29,utilities,direct debit
T03619,C0077,2026-01-07,2101.11,salary,card
T04592,C0173,2026-01-07,-114.21,groceries,app transfer
T01088,C0092,2026-01-07,1803.45,salary,online banking
T02616,C0159,2026-01-07,-32.24,groceries,app transfer
T02783,C0156,2026-01-07,-114.8,groceries,app transfer
T03210,C0275,2026-01-07,-175.27,utilities,direct debit
T00364,C0063,2026-01-07,-93.04,travel,app transfer
T04876,C0022,2026-01-07,-52.68,utilities,direct debit
T01399,C0208,2026-01-07,-1098.4,rent,direct debit
T01669,C0074,2026-01-07,-319.04,shopping,card
T02631,C0090,2026-01-07,-1197.92,rent,direct debit
T03949,C0289,2026-01-07,4429.81,salary,online banking
T00535,C0217,2026-01-07,-213.86,shopping,card
T04975,C0175,2026-01-07,-94.87,travel,online banking
T03475,C0156,2026-01-07,-74.72,utilities,direct debit
T05464,C0290,2026-01-07,-169.08,insurance,direct debit
T05571,C0293,2026-01-07,-1484.86,rent,direct debit
T01772,C0017,2026-01-08,-674.93,rent,direct debit
T02893,C0057,2026-01-08,-120.94,utilities,direct debit
T01758,C0296,2026-01-08,-111.46,utilities,direct debit
T00321,C0035,2026-01-08,-37.36,groceries,card
T01077,C0051,2026-01-08,-53.25,restaurants,app transfer
T04136,C0212,2026-01-08,-122.26,travel,direct debit
T02454,C0106,2026-01-08,-27.24,insurance,online banking
T03385,C0060,2026-01-08,-28.73,groceries,app transfer
T04634,C0054,2026-01-08,-457.86,travel,card
T03265,C0229,2026-01-08,-17.23,restaurants,direct debit
T03438,C0161,2026-01-08,-654.37,rent,direct debit
T04274,C0084,2026-01-08,-1100.84,rent,direct debit
T04979,C0288,2026-01-09,-41.99,restaurants,card
T00047,C0275,2026-01-09,-121.11,insurance,app transfer
T04264,C0042,2026-01-09,-310.73,shopping,online banking
T05192,C0166,2026-01-09,-261.83,shopping,online banking
T04480,C0129,2026-01-09,-30.9,utilities,direct debit
T04107,C0272,2026-01-09,-200.79,utilities,direct debit
T01765,C0046,2026-01-09,-60.07,restaurants,online banking
T01656,C0132,2026-01-09,-502.15,travel,card
T04552,C0080,2026-01-09,-84.75,groceries,online banking
T00195,C0075,2026-01-09,-87.37,utilities,direct debit
T05311,C0261,2026-01-09,-75.61,utilities,direct debit
T04933,C0194,2026-01-09,-134.66,shopping,card
T00052,C0130,2026-01-09,3535.85,salary,card
T03961,C0073,2026-01-09,-57.5,restaurants,direct debit
T05891,C0218,2026-01-09,-198.02,travel,app transfer
T02917,C0221,2026-01-09,-181.74,utilities,direct debit
T03708,C0298,2026-01-09,-19.09,restaurants,app transfer
T05283,C0048,2026-01-09,-705.93,rent,direct debit
T05643,C0076,2026-01-09,-188.35,utilities,direct debit
T03815,C0105,2026-01-09,2039.87,salary,direct debit
T00999,C0047,2026-01-09,-135.55,utilities,direct debit
T03042,C0288,2026-01-09,-758.94,travel,direct debit
T03867,C0117,2026-01-09,-105.01,insurance,app transfer
T02479,C0266,2026-01-09,-1237.66,rent,direct debit
T02396,C0166,2026-01-09,-135.87,travel,direct debit
T02356,C0114,2026-01-09,-210.86,travel,direct debit
T00567,C0162,2026-01-09,-1020.03,rent,direct debit
T02905,C0069,2026-01-09,-144.96,insurance,online banking
T04641,C0172,2026-01-10,2676.74,salary,app transfer
T00705,C0165,2026-01-10,-63.47,utilities,direct debit
T05560,C0274,2026-01-10,-259.88,shopping,app transfer
T03424,C0001,2026-01-10,-170.1,insurance,card
T05384,C0283,2026-01-10,2248.23,salary,direct debit
T05631,C0145,2026-01-10,-1092.8,rent,direct debit
T04310,C0209,2026-01-10,-158.82,utilities,direct debit
T02525,C0294,2026-01-10,-41.9,groceries,app transfer
T05369,C0247,2026-01-10,-48.5,groceries,direct debit
T02197,C0107,2026-01-10,-1392.95,rent,direct debit
T05530,C0164,2026-01-10,-144.79,insurance,direct debit
T01818,C0146,2026-01-10,-80.09,groceries,card
T03251,C0244,2026-01-10,-67.59,travel,direct debit
T01219,C0223,2026-01-10,-12.46,restaurants,card
T00786,C0081,2026-01-10,-979.44,rent,direct debit
T00781,C0056,2026-01-10,3710.26,salary,online banking
T00778,C0073,2026-01-10,-80.26,insurance,card
T00942,C0229,2026-01-10,-359.64,shopping,app transfer
T01297,C0258,2026-01-10,-39.25,insurance,app transfer
T02754,C0263,2026-01-11,-205.36,shopping,card
T00403,C0151,2026-01-11,-43.7,groceries,card
T04381,C0135,2026-01-11,-206.22,shopping,card
T01234,C0224,2026-01-11,-45.81,insurance,app transfer
T02733,C0165,2026-01-11,3152.61,salary,online banking
T01663,C0145,2026-01-11,-306.74,travel,app transfer
T02057,C0067,2026-01-11,1934.25,salary,card
T03727,C0084,2026-01-11,-350.22,travel,direct debit
T04218,C0215,2026-01-11,-112.36,groceries,app transfer
T05480,C0199,2026-01-11,2187.6,salary,direct debit
T01227,C0242,2026-01-11,-157.57,insurance,app transfer
T04789,C0144,2026-01-11,-110.1,groceries,app transfer
T00724,C0099,2026-01-11,-130.28,insurance,direct debit
T02911,C0077,2026-01-11,-44.67,groceries,online banking
T01373,C0052,2026-01-11,-334.26,shopping,app transfer
T05591,C0127,2026-01-11,-235.54,utilities,direct debit
T01457,C0120,2026-01-11,-77.03,groceries,card
T01556,C0208,2026-01-11,-378.67,travel,online banking
T01474,C0247,2026-01-11,-695.26,travel,online banking
T01116,C0137,2026-01-11,-1311.16,rent,direct debit
T03783,C0167,2026-01-11,-84.97,insurance,online banking
T04539,C0281,2026-01-12,-1536.89,rent,direct debit
T01267,C0082,2026-01-12,4424.69,salary,direct debit
T02791,C0116,2026-01-12,-125.45,utilities,direct debit
T05222,C0077,2026-01-12,-383.74,shopping,online banking
T01164,C0011,2026-01-12,-233.08,utilities,direct debit
T03795,C0297,2026-01-12,-422.74,travel,online banking
T02223,C0190,2026-01-12,-69.95,restaurants,online banking
T04048,C0215,2026-01-12,-397.3,shopping,online banking
T00366,C0039,2026-01-12,-398.89,shopping,app transfer
T05692,C0036,2026-01-12,-73.55,utilities,direct debit
T05411,C0267,2026-01-12,-86.45,shopping,card
T05006,C0176,2026-01-12,-266.59,shopping,card
T01794,C0016,2026-01-12,-143.96,utilities,direct debit
T00482,C0109,2026-01-12,-547.14,travel,app transfer
T03915,C0109,2026-01-12,2946.57,salary,card
T01407,C0167,2026-01-12,-231.36,shopping,card
T05300,C0022,2026-01-12,3805.63,salary,card
T05296,C0263,2026-01-12,2592.46,salary,app transfer
T01335,C0099,2026-01-12,-396.86,shopping,direct debit
T04738,C0244,2026-01-12,-82.29,groceries,card
T03973,C0133,2026-01-13,-101.79,insurance,app transfer
T03580,C0084,2026-01-13,-182.13,utilities,direct debit
T02681,C0062,2026-01-13,-179.32,travel,app transfer
T02676,C0068,2026-01-13,-416.76,travel,direct debit
T04757,C0038,2026-01-13,-108.23,groceries,card
T02654,C0098,2026-01-13,-13.27,restaurants,direct debit
T02075,C0115,2026-01-13,-83.58,insurance,app transfer
T05709,C0055,2026-01-13,-1588.82,rent,direct debit
T02633,C0137,2026-01-13,-177.67,utilities,direct debit
T05894,C0237,2026-01-13,-1521.8,rent,direct debit
T04966,C0273,2026-01-13,3643.86,salary,card
T01931,C0045,2026-01-13,-168.41,utilities,direct debit
T03166,C0177,2026-01-13,-105.2,insurance,online banking
T04138,C0217,2026-01-13,-105.26,groceries,online banking
T00771,C0177,2026-01-13,2421.86,salary,app transfer
T02476,C0225,2026-01-13,2147.39,salary,card
T02232,C0274,2026-01-13,-46.2,restaurants,card
T02282,C0192,2026-01-13,-135.52,shopping,online banking
T02500,C0227,2026-01-13,-636.81,travel,online banking
T01462,C0148,2026-01-13,-867.56,rent,direct debit
T04851,C0235,2026-01-13,-30.8,groceries,app transfer
T00253,C0177,2026-01-13,-455.18,travel,direct debit
T04858,C0078,2026-01-14,-746.67,travel,card
T02662,C0252,2026-01-14,3474.09,salary,online banking
T03056,C0172,2026-01-14,-40.54,utilities,direct debit
T04675,C0127,2026-01-14,-1042.31,rent,direct debit
T03747,C0264,2026-01-14,-262.06,shopping,direct debit
T01431,C0237,2026-01-14,-16.2,groceries,online banking
T01412,C0251,2026-01-14,-28.91,groceries,card
T05861,C0162,2026-01-14,-171.22,utilities,direct debit
T01573,C0195,2026-01-14,-1565.82,rent,direct debit
T04737,C0188,2026-01-14,-896.04,rent,direct debit
T05461,C0063,2026-01-14,2134.58,salary,card
T02313,C0182,2026-01-14,-60.21,utilities,direct debit
T02385,C0222,2026-01-14,-855.24,rent,direct debit
T04103,C0053,2026-01-14,-93.71,insurance,card
T02432,C0157,2026-01-15,-1410.04,rent,direct debit
T05889,C0019,2026-01-15,-1143.57,rent,direct debit
T03689,C0277,2026-01-15,-681.04,rent,direct debit
T00980,C0081,2026-01-15,-457.15,travel,card
T01310,C0248,2026-01-15,-43.78,restaurants,app transfer
T00262,C0203,2026-01-15,-1350.52,rent,direct debit
T05810,C0170,2026-01-15,-48.94,shopping,card
T03802,C0150,2026-01-15,-901.96,rent,direct debit
T02120,C0190,2026-01-15,-76.65,groceries,app transfer
T04068,C0219,2026-01-15,-55.1,restaurants,card
T04554,C0059,2026-01-15,-583.55,travel,direct debit
T00446,C0146,2026-01-15,-42.15,restaurants,app transfer
T03306,C0141,2026-01-15,-317.2,shopping,online banking
T02220,C0097,2026-01-15,-1237.93,rent,direct debit
T03088,C0210,2026-01-15,3586.13,salary,online banking
T05599,C0050,2026-01-15,3183.82,salary,card
T05754,C0115,2026-01-15,-24.13,restaurants,online banking
T04953,C0183,2026-01-15,-1369.59,rent,direct debit
T01067,C0156,2026-01-15,-680.24,travel,card
T03330,C0175,2026-01-15,-111.39,insurance,direct debit
T01196,C0079,2026-01-15,4281.13,salary,online banking
T05502,C0206,2026-01-15,-101.47,groceries,online banking
T01973,C0111,2026-01-15,-142.97,shopping,online banking
T00440,C0269,2026-01-15,-189.41,travel,app transfer
T00648,C0236,2026-01-15,-97.12,insurance,direct debit
T04532,C0220,2026-01-16,-673.67,travel,direct debit
T04732,C0030,2026-01-16,-111.23,utilities,direct debit
T02436,C0228,2026-01-16,-574.99,travel,card
T00369,C0255,2026-01-16,-1013.59,rent,direct debit
T05288,C0075,2026-01-16,-1152.62,rent,direct debit
T05809,C0003,2026-01-16,-129.72,insurance,direct debit
T04021,C0065,2026-01-16,-63.08,restaurants,direct debit
T03408,C0187,2026-01-16,-40.94,restaurants,online banking
T04831,C0141,2026-01-16,-75.53,restaurants,direct debit
T02660,C0180,2026-01-16,3809.39,salary,online banking
T03039,C0214,2026-01-16,-122.71,insurance,app transfer
T00571,C0203,2026-01-16,-1100.29,rent,direct debit
T01872,C0255,2026-01-16,3840.21,salary,online banking
T04920,C0005,2026-01-16,-1128.72,rent,direct debit
T02856,C0180,2026-01-16,-74.43,insurance,online banking
T05879,C0167,2026-01-16,-1065.72,rent,direct debit
T01325,C0276,2026-01-16,-81.62,restaurants,online banking
T01922,C0024,2026-01-16,-78.46,restaurants,app transfer
T04295,C0105,2026-01-16,-65.48,groceries,card
T04272,C0227,2026-01-16,-1036.78,rent,direct debit
T05657,C0015,2026-01-16,-72.99,groceries,direct debit
T01942,C0135,2026-01-16,-25.16,insurance,online banking
T02698,C0222,2026-01-16,-44.55,restaurants,card
T00443,C0064,2026-01-16,-879.84,rent,direct debit
T01927,C0192,2026-01-16,-167.77,insurance,direct debit
T04343,C0119,2026-01-16,2960.39,salary,online banking
T02118,C0030,2026-01-16,-346.64,shopping,online banking
T05803,C0287,2026-01-16,-783.44,travel,card
T05941,C0090,2026-01-17,-48.02,utilities,direct debit
T05137,C0143,2026-01-17,-523.67,travel,app transfer
T03305,C0163,2026-01-17,-1479.39,rent,direct debit
T00539,C0278,2026-01-17,-108.91,utilities,direct debit
T00803,C0116,2026-01-17,-119.89,utilities,direct debit
T05029,C0172,2026-01-17,-287.79,shopping,app transfer
T05566,C0079,2026-01-17,-96.12,shopping,app transfer
T05447,C0292,2026-01-17,-386.45,shopping,online banking
T05652,C0152,2026-01-17,3130.34,salary,card
T03170,C0293,2026-01-17,-319.87,travel,card
T05226,C0030,2026-01-17,-80.06,groceries,card
T02933,C0069,2026-01-17,-55.93,utilities,direct debit
T00441,C0128,2026-01-17,-59.12,groceries,direct debit
T03437,C0023,2026-01-17,-131.72,utilities,direct debit
T00070,C0197,2026-01-17,2866.24,salary,online banking
T03207,C0062,2026-01-17,-58.01,groceries,direct debit
T04997,C0173,2026-01-17,-988.23,rent,direct debit
T00172,C0058,2026-01-17,-208.09,utilities,direct debit
T01997,C0194,2026-01-17,-174.55,utilities,direct debit
T04303,C0286,2026-01-17,-67.4,groceries,card
T04146,C0289,2026-01-17,-193.12,utilities,direct debit
T00282,C0153,2026-01-17,-128.94,utilities,direct debit
T00120,C0125,2026-01-17,-532.41,travel,card
T04016,C0059,2026-01-17,-707.79,rent,direct debit
T00709,C0238,2026-01-17,3608.33,salary,app transfer
T05247,C0193,2026-01-17,-942.91,rent,direct debit
T00734,C0092,2026-01-17,-213.79,travel,online banking
T00215,C0144,2026-01-17,-25.99,restaurants,direct debit
T04796,C0182,2026-01-17,-875.21,travel,card
T00735,C0051,2026-01-17,-155.62,utilities,direct debit
T00210,C0042,2026-01-17,-46.47,shopping,online banking
T04246,C0009,2026-01-17,2929.81,salary,app transfer
T04696,C0300,2026-01-18,-306.95,shopping,card
T01149,C0011,2026-01-18,-338.17,shopping,card
T05729,C0226,2026-01-18,-1058.9,rent,direct debit
T01932,C0105,2026-01-18,-75.18,restaurants,card
T04363,C0242,2026-01-18,-88.24,restaurants,direct debit
T04337,C0117,2026-01-18,-349.58,shopping,card
T00638,C0100,2026-01-18,-315.74,shopping,app transfer
T01347,C0032,2026-01-18,-41.44,restaurants,card
T03394,C0051,2026-01-18,4490.15,salary,card
T02012,C0065,2026-01-18,-77.04,restaurants,card
T02624,C0153,2026-01-18,-108.63,groceries,direct debit
T02345,C0074,2026-01-18,-101.56,groceries,app transfer
T05055,C0285,2026-01-18,-161.93,insurance,direct debit
T05937,C0047,2026-01-18,-84.26,restaurants,card
T03944,C0078,2026-01-18,-11.56,groceries,direct debit
T03445,C0037,2026-01-19,-86.72,utilities,direct debit
T05122,C0138,2026-01-19,2463.35,salary,card
T01982,C0239,2026-01-19,-116.18,groceries,online banking
T03523,C0066,2026-01-19,-79.01,groceries,card
T04761,C0282,2026-01-19,-190.75,travel,app transfer
T02138,C0088,2026-01-19,-171.95,insurance,online banking
T05712,C0104,2026-01-19,-127.71,utilities,direct debit
T02037,C0286,2026-01-19,-238.82,utilities,direct debit
T05232,C0007,2026-01-19,-37.15,groceries,card
T02062,C0007,2026-01-19,-216.01,utilities,direct debit
T03633,C0208,2026-01-19,-110.62,insurance,online banking
T00953,C0072,2026-01-19,-72.48,utilities,direct debit
T04219,C0249,2026-01-20,-71.26,insurance,direct debit
T00139,C0274,2026-01-20,-230.91,utilities,direct debit
T01482,C0210,2026-01-20,-89.41,restaurants,card
T04704,C0083,2026-01-20,-68.7,shopping,online banking
T00483,C0188,2026-01-20,-41.27,restaurants,direct debit
T04749,C0048,2026-01-20,-293.25,shopping,direct debit
T05858,C0157,2026-01-20,-137.54,utilities,direct debit
T04647,C0143,2026-01-20,-67.1,travel,direct debit
T00474,C0003,2026-01-20,-1157.09,rent,direct debit
T03131,C0138,2026-01-20,-48.92,utilities,direct debit
T05041,C0044,2026-01-20,-180.85,utilities,direct debit
T00042,C0071,2026-01-20,-286.72,travel,online banking
T04464,C0044,2026-01-20,-259.72,shopping,direct debit
T03824,C0155,2026-01-20,-364.93,travel,app transfer
T02042,C0092,2026-01-20,-122.0,utilities,direct debit
T05154,C0240,2026-01-20,-100.38,utilities,direct debit
T02189,C0191,2026-01-20,4103.77,salary,card
T05005,C0182,2026-01-20,-64.77,restaurants,card
T00112,C0024,2026-01-20,-23.35,groceries,direct debit
T01987,C0059,2026-01-20,-70.54,utilities,direct debit
T05351,C0202,2026-01-21,-568.95,travel,online banking
T03979,C0230,2026-01-21,-206.63,shopping,card
T00725,C0129,2026-01-21,-457.36,travel,online banking
T05874,C0019,2026-01-21,-393.52,travel,online banking
T02180,C0145,2026-01-21,-39.45,insurance,online banking
T04606,C0279,2026-01-21,-38.22,shopping,app transfer
T00950,C0091,2026-01-21,-242.85,utilities,direct debit
T00596,C0184,2026-01-21,-55.01,insurance,online banking
T02523,C0173,2026-01-21,-909.19,rent,direct debit
T03024,C0149,2026-01-21,-55.17,shopping,direct debit
T00491,C0083,2026-01-21,-223.77,shopping,app transfer
T02970,C0022,2026-01-21,-1243.77,rent,direct debit
T02720,C0105,2026-01-21,-1496.75,rent,direct debit
T01559,C0063,2026-01-21,4152.2,salary,app transfer
T01084,C0286,2026-01-21,-42.08,shopping,online banking
T01650,C0150,2026-01-21,-170.72,utilities,direct debit
T04547,C0279,2026-01-21,-77.75,restaurants,app transfer
T04755,C0251,2026-01-21,2883.25,salary,online banking
T02233,C0204,2026-01-21,-151.72,shopping,online banking
T02890,C0068,2026-01-21,-80.79,utilities,direct debit
T03929,C0086,2026-01-21,-370.29,shopping,card
T01881,C0233,2026-01-21,-32.34,groceries,card
T04706,C0038,2026-01-21,-35.6,groceries,app transfer
T02471,C0227,2026-01-22,-610.07,travel,app transfer
T02646,C0257,2026-01-22,-52.53,restaurants,card
T00715,C0082,2026-01-22,2489.24,salary,card
T01247,C0053,2026-01-22,-51.57,restaurants,app transfer
T00015,C0237,2026-01-22,-1077.25,rent,direct debit
T02878,C0245,2026-01-22,-48.6,restaurants,direct debit
T05618,C0259,2026-01-22,-91.46,groceries,card
T01914,C0228,2026-01-22,-109.71,groceries,direct debit
T02612,C0058,2026-01-22,-373.21,travel,card
T01071,C0221,2026-01-22,-51.42,insurance,card
T03238,C0265,2026-01-22,-1167.15,rent,direct debit
T00065,C0229,2026-01-22,2537.6,salary,direct debit
T00807,C0208,2026-01-22,-1227.53,rent,direct debit
T02758,C0083,2026-01-22,-44.76,utilities,direct debit
T06000,C0222,2026-01-22,-1515.77,rent,direct debit
T04241,C0287,2026-01-22,-916.83,rent,direct debit
T03903,C0202,2026-01-22,-175.21,utilities,direct debit
T03910,C0136,2026-01-22,-1576.55,rent,direct debit
T03257,C0089,2026-01-22,3810.09,salary,card
T03363,C0127,2026-01-22,-892.18,rent,direct debit
T05266,C0281,2026-01-22,-69.12,restaurants,app transfer
T04315,C0158,2026-01-22,-342.66,travel,app transfer
T04382,C0250,2026-01-22,-1130.31,rent,direct debit
T04294,C0153,2026-01-22,-1073.95,rent,direct debit
T04413,C0071,2026-01-23,-134.42,shopping,direct debit
T05386,C0207,2026-01-23,-797.61,rent,direct debit
T01970,C0228,2026-01-23,-863.23,rent,direct debit
T01451,C0189,2026-01-23,-36.26,shopping,app transfer
T01674,C0011,2026-01-23,-20.02,restaurants,direct debit
T02964,C0014,2026-01-23,-115.87,insurance,card
T04971,C0185,2026-01-23,-8.49,groceries,app transfer
T02472,C0163,2026-01-23,-155.14,utilities,direct debit
T03822,C0068,2026-01-23,-163.42,shopping,direct debit
T03078,C0262,2026-01-23,-389.5,shopping,card
T04919,C0050,2026-01-23,-15.76,groceries,app transfer
T04562,C0162,2026-01-23,-122.56,utilities,direct debit
T05597,C0178,2026-01-23,-101.32,utilities,direct debit
T00979,C0233,2026-01-23,4218.06,salary,card
T00249,C0086,2026-01-23,2979.31,salary,online banking
T00051,C0241,2026-01-23,-1253.89,rent,direct debit
T04635,C0050,2026-01-24,-118.42,insurance,online banking
T04511,C0089,2026-01-24,-97.3,groceries,direct debit
T00861,C0240,2026-01-24,4221.62,salary,direct debit
T04509,C0100,2026-01-24,-1487.8,rent,direct debit
T03477,C0220,2026-01-24,-141.43,utilities,direct debit
T01864,C0057,2026-01-24,-151.03,insurance,direct debit
T05001,C0291,2026-01-24,-183.33,utilities,direct debit
T02016,C0056,2026-01-24,4300.87,salary,direct debit
T03277,C0133,2026-01-24,-54.9,groceries,direct debit
T04099,C0193,2026-01-24,-695.69,travel,online banking
T03015,C0223,2026-01-24,-1143.37,rent,direct debit
T00521,C0055,2026-01-24,2078.43,salary,online banking
T00091,C0042,2026-01-24,-114.24,groceries,direct debit
T00478,C0034,2026-01-24,-296.45,travel,direct debit
T05085,C0147,2026-01-24,-46.54,insurance,app transfer
T02285,C0241,2026-01-24,-145.0,insurance,online banking
T04521,C0300,2026-01-24,4121.04,salary,online banking
T05640,C0221,2026-01-24,3552.05,salary,direct debit
T05070,C0095,2026-01-24,-26.84,insurance,direct debit
T00107,C0188,2026-01-24,-1030.55,rent,direct debit
T03495,C0216,2026-01-24,-47.89,groceries,card
T03762,C0033,2026-01-24,-120.89,shopping,direct debit
T01716,C0024,2026-01-25,-70.33,insurance,direct debit
T01580,C0051,2026-01-25,-76.59,shopping,online banking
T05506,C0247,2026-01-25,-37.26,utilities,direct debit
T05642,C0258,2026-01-25,-83.46,restaurants,online banking
T03884,C0296,2026-01-25,-79.27,insurance,app transfer
T05315,C0236,2026-01-25,-383.24,shopping,app transfer
T05817,C0283,2026-01-25,-318.96,travel,app transfer
T04799,C0300,2026-01-25,-20.29,restaurants,app transfer
T03866,C0058,2026-01-25,-67.61,groceries,direct debit
T01440,C0227,2026-01-25,-214.03,utilities,direct debit
T01057,C0183,2026-01-25,-925.36,rent,direct debit
T03354,C0138,2026-01-25,4415.12,salary,online banking
T03454,C0071,2026-01-25,-964.31,rent,direct debit
T05212,C0245,2026-01-25,-46.98,restaurants,app transfer
T03029,C0010,2026-01-25,-101.18,insurance,card
T05973,C0173,2026-01-25,-149.39,insurance,direct debit
T05057,C0204,2026-01-25,-58.04,insurance,card
T02344,C0198,2026-01-25,-96.95,groceries,app transfer
T05598,C0205,2026-01-25,-21.79,restaurants,app transfer
T05344,C0284,2026-01-25,-1189.34,rent,direct debit
T02973,C0138,2026-01-25,-111.95,groceries,online banking
T05353,C0070,2026-01-25,-120.66,insurance,app transfer
T05744,C0001,2026-01-25,-177.97,utilities,direct debit
T05559,C0293,2026-01-25,-696.09,travel,app transfer
T00297,C0176,2026-01-25,-27.35,insurance,online banking
T02181,C0188,2026-01-26,-162.27,insurance,direct debit
T05345,C0224,2026-01-26,-382.42,shopping,card
T05338,C0005,2026-01-26,-154.46,utilities,direct debit
T04324,C0070,2026-01-26,-858.13,travel,app transfer
T05441,C0288,2026-01-26,-1273.93,rent,direct debit
T04438,C0240,2026-01-26,2415.61,salary,app transfer
T04056,C0229,2026-01-26,-18.25,restaurants,direct debit
T03601,C0047,2026-01-26,-1173.67,rent,direct debit
T04214,C0039,2026-01-26,-192.21,utilities,direct debit
T00432,C0122,2026-01-26,2486.48,salary,direct debit
T00831,C0045,2026-01-26,4206.0,salary,app transfer
T03324,C0004,2026-01-26,-23.96,insurance,direct debit
T00961,C0089,2026-01-26,-109.32,groceries,card
T02948,C0124,2026-01-26,-477.24,travel,card
T02898,C0224,2026-01-26,-108.32,shopping,online banking
T04917,C0216,2026-01-26,-197.7,utilities,direct debit
T05269,C0124,2026-01-27,-154.47,insurance,card
T02260,C0051,2026-01-27,-71.02,insurance,card
T03865,C0175,2026-01-27,-247.74,shopping,card
T04906,C0111,2026-01-27,-75.81,insurance,online banking
T05375,C0064,2026-01-27,-126.24,insurance,card
T02589,C0064,2026-01-27,-105.19,groceries,online banking
T01158,C0015,2026-01-27,-122.62,insurance,app transfer
T05184,C0222,2026-01-27,-17.52,groceries,direct debit
T05601,C0137,2026-01-27,-38.62,groceries,app transfer
T00911,C0294,2026-01-27,-604.44,travel,direct debit
T05938,C0241,2026-01-27,-99.31,groceries,online banking
T05583,C0134,2026-01-27,2571.12,salary,direct debit
T05481,C0248,2026-01-27,-431.31,travel,direct debit
T01466,C0099,2026-01-27,-61.48,restaurants,app transfer
T04571,C0248,2026-01-27,-264.05,shopping,card
T02770,C0213,2026-01-27,-251.01,travel,app transfer
T02413,C0138,2026-01-28,-93.64,insurance,online banking
T03426,C0141,2026-01-28,-1086.39,rent,direct debit
T00774,C0058,2026-01-28,-30.96,restaurants,app transfer
T00536,C0075,2026-01-28,-1286.74,rent,direct debit
T00509,C0286,2026-01-28,-50.01,travel,app transfer
T01744,C0110,2026-01-28,-53.84,insurance,card
T04432,C0299,2026-01-28,-71.09,insurance,online banking
T03028,C0064,2026-01-28,4223.32,salary,direct debit
T05936,C0043,2026-01-28,-961.15,rent,direct debit
T02718,C0186,2026-01-28,-15.2,restaurants,card
T01697,C0191,2026-01-28,-1316.33,rent,direct debit
T00686,C0243,2026-01-28,-14.06,restaurants,online banking
T04658,C0090,2026-01-28,-294.58,shopping,direct debit
T02133,C0159,2026-01-28,-366.21,travel,direct debit
T00316,C0152,2026-01-28,-1394.61,rent,direct debit
T03676,C0115,2026-01-28,-747.75,travel,app transfer
T02174,C0217,2026-01-28,-937.81,rent,direct debit
T04287,C0126,2026-01-28,-281.98,shopping,card
T03517,C0001,2026-01-28,-192.76,travel,app transfer
T02622,C0050,2026-01-28,-356.52,travel,app transfer
T01296,C0099,2026-01-28,-86.67,restaurants,app transfer
T00467,C0212,2026-01-28,-349.63,shopping,app transfer
T04017,C0113,2026-01-29,-267.47,travel,online banking
T01038,C0262,2026-01-29,2047.19,salary,direct debit
T05197,C0170,2026-01-29,-883.09,travel,app transfer
T03054,C0033,2026-01-29,-760.94,rent,direct debit
T00956,C0174,2026-01-29,-45.82,groceries,card
T01005,C0172,2026-01-29,-52.15,restaurants,direct debit
T04342,C0078,2026-01-29,3099.81,salary,app transfer
T02287,C0052,2026-01-29,-79.64,groceries,direct debit
T01950,C0011,2026-01-29,-35.8,utilities,direct debit
T03017,C0099,2026-01-29,-66.27,groceries,app transfer
T03932,C0011,2026-01-29,-67.17,restaurants,online banking
T02536,C0063,2026-01-29,-66.92,restaurants,app transfer
T03616,C0273,2026-01-29,-33.18,restaurants,online banking
T03573,C0110,2026-01-29,-186.59,shopping,online banking
T01349,C0053,2026-01-29,-55.62,restaurants,direct debit
T02599,C0123,2026-01-29,-171.85,utilities,direct debit
T05768,C0179,2026-01-29,2418.51,salary,online banking
T04380,C0103,2026-01-29,-841.98,travel,online banking
T01707,C0206,2026-01-29,-78.16,utilities,direct debit
T01199,C0166,2026-01-29,-300.08,shopping,online banking
T03037,C0207,2026-01-29,-1037.43,rent,direct debit
T01906,C0201,2026-01-29,-168.17,insurance,direct debit
T02474,C0103,2026-01-29,-82.61,insurance,app transfer
T05933,C0053,2026-01-29,-95.41,insurance,direct debit
T01112,C0180,2026-01-29,-1278.18,rent,direct debit
T00085,C0258,2026-01-29,-1439.82,rent,direct debit
T01055,C0084,2026-01-30,-66.99,shopping,online banking
T05033,C0078,2026-01-30,-66.65,shopping,app transfer
T01485,C0189,2026-01-30,-124.15,insurance,online banking
T01414,C0233,2026-01-30,-40.75,restaurants,card
T04775,C0283,2026-01-30,-64.61,shopping,app transfer
T04813,C0175,2026-01-30,-977.37,rent,direct debit
T01589,C0295,2026-01-30,-112.74,travel,direct debit
T04502,C0150,2026-01-30,-347.38,travel,online banking
T04549,C0253,2026-01-30,2993.87,salary,direct debit
T01260,C0295,2026-01-30,-880.85,travel,direct debit
T01957,C0128,2026-01-30,-16.58,groceries,app transfer
T04938,C0030,2026-01-30,-68.35,restaurants,card
T01734,C0022,2026-01-30,-299.01,shopping,app transfer
T00931,C0048,2026-01-30,-113.11,groceries,app transfer
T01941,C0205,2026-01-30,-222.92,shopping,card
T01983,C0210,2026-01-30,-157.51,utilities,direct debit
T00066,C0141,2026-01-30,-721.29,rent,direct debit
T04198,C0141,2026-01-30,-1489.25,rent,direct debit
T03143,C0214,2026-01-30,-1557.77,rent,direct debit
T03703,C0128,2026-01-30,4031.39,salary,direct debit
T02798,C0161,2026-01-30,-45.98,restaurants,online banking
T03429,C0003,2026-01-30,-44.69,shopping,app transfer
T00779,C0088,2026-01-31,-120.77,shopping,direct debit
T02364,C0035,2026-01-31,-196.14,utilities,direct debit
T05233,C0036,2026-01-31,-69.38,restaurants,direct debit
T03628,C0095,2026-01-31,3211.67,salary,card
T02297,C0271,2026-01-31,-110.25,groceries,direct debit
T02430,C0286,2026-01-31,-84.46,groceries,card
T03891,C0022,2026-01-31,-1305.58,rent,direct debit
T00200,C0278,2026-01-31,-490.59,travel,card
T01315,C0001,2026-01-31,-842.82,travel,online banking
T01693,C0057,2026-01-31,-823.77,travel,direct debit
T03519,C0080,2026-01-31,-256.69,travel,direct debit
T04494,C0279,2026-01-31,-72.28,groceries,app transfer
T04998,C0164,2026-01-31,-150.86,shopping,card
T02578,C0187,2026-01-31,-447.42,travel,app transfer
T04036,C0297,2026-01-31,-589.64,travel,direct debit
T03229,C0128,2026-01-31,-21.97,groceries,direct debit
T03140,C0288,2026-01-31,-116.81,insurance,app transfer
T00418,C0284,2026-02-01,-214.98,utilities,direct debit
T05985,C0123,2026-02-01,-870.84,travel,online banking
T00538,C0075,2026-02-01,-279.33,shopping,direct debit
T02899,C0082,2026-02-01,-145.02,insurance,card
T05747,C0038,2026-02-01,-88.01,utilities,direct debit
T05888,C0296,2026-02-01,-87.83,utilities,direct debit
T01109,C0165,2026-02-01,-20.98,shopping,card
T04273,C0096,2026-02-01,-197.76,utilities,direct debit
T00892,C0151,2026-02-01,-357.53,travel,card
T00352,C0291,2026-02-01,-45.93,restaurants,app transfer
T01643,C0024,2026-02-01,-319.81,shopping,app transfer
T03670,C0067,2026-02-01,-130.6,insurance,card
T03768,C0002,2026-02-01,-44.63,travel,app transfer
T04147,C0134,2026-02-01,4078.06,salary,direct debit
T03240,C0176,2026-02-01,-48.15,restaurants,app transfer
T04355,C0180,2026-02-01,-56.12,insurance,card
T03090,C0245,2026-02-01,-84.43,insurance,online banking
T03362,C0007,2026-02-01,2336.77,salary,card
T02122,C0228,2026-02-01,-43.19,groceries,direct debit
T05354,C0154,2026-02-02,-751.73,rent,direct debit
T05332,C0045,2026-02-02,-285.24,shopping,direct debit
T04872,C0124,2026-02-02,-145.94,shopping,online banking
T05992,C0097,2026-02-02,-1409.81,rent,direct debit
T01011,C0028,2026-02-02,-155.4,shopping,online banking
T02475,C0259,2026-02-02,-97.84,shopping,app transfer
T01232,C0284,2026-02-02,3776.81,salary,online banking
T03297,C0012,2026-02-02,-734.72,rent,direct debit
T02935,C0079,2026-02-02,-1441.94,rent,direct debit
T05968,C0073,2026-02-02,-78.6,restaurants,direct debit
T03386,C0009,2026-02-02,-85.47,groceries,online banking
T03173,C0090,2026-02-02,-93.15,insurance,app transfer
T00506,C0024,2026-02-02,-61.86,insurance,direct debit
T00962,C0088,2026-02-02,-150.85,insurance,card
T02835,C0209,2026-02-02,-61.15,groceries,online banking
T05410,C0227,2026-02-02,-1553.16,rent,direct debit
T01019,C0097,2026-02-02,-18.59,shopping,app transfer
T01131,C0164,2026-02-02,-1252.23,rent,direct debit
T04579,C0012,2026-02-03,-178.48,shopping,app transfer
T04729,C0250,2026-02-03,-374.35,shopping,online banking
T04548,C0264,2026-02-03,-76.44,insurance,card
T01334,C0066,2026-02-03,-21.94,restaurants,app transfer
T02812,C0071,2026-02-03,-190.31,shopping,direct debit
T00021,C0172,2026-02-03,-44.93,groceries,online banking
T04663,C0171,2026-02-03,3777.72,salary,online banking
T02125,C0032,2026-02-03,-833.29,rent,direct debit
T02414,C0224,2026-02-03,-172.51,insurance,app transfer
T00834,C0219,2026-02-03,-34.84,restaurants,app transfer
T05756,C0163,2026-02-03,-121.04,utilities,direct debit
T04885,C0212,2026-02-03,-449.78,travel,card
T01812,C0288,2026-02-03,-114.83,utilities,direct debit
T04449,C0001,2026-02-03,-175.08,shopping,app transfer
T04988,C0170,2026-02-03,-119.47,shopping,online banking
T05439,C0248,2026-02-03,-1254.68,rent,direct debit
T03102,C0263,2026-02-03,2752.37,salary,direct debit
T02335,C0215,2026-02-03,-20.77,restaurants,online banking
T00843,C0131,2026-02-04,-130.03,shopping,direct debit
T02713,C0002,2026-02-04,-829.48,rent,direct debit
T05129,C0166,2026-02-04,-581.24,travel,direct debit
T03340,C0162,2026-02-04,-375.52,travel,card
T04871,C0131,2026-02-04,-33.89,shopping,card
T00425,C0164,2026-02-04,-43.94,shopping,online banking
T00069,C0065,2026-02-04,-34.43,groceries,direct debit
T04946,C0267,2026-02-04,-981.35,rent,direct debit
T01354,C0007,2026-02-04,-58.25,restaurants,app transfer
T05246,C0182,2026-02-04,-32.22,groceries,card
T04814,C0215,2026-02-04,-40.0,insurance,app transfer
T03066,C0290,2026-02-04,-701.44,travel,direct debit
T04770,C0194,2026-02-04,-89.52,groceries,online banking
T04726,C0199,2026-02-04,-389.61,travel,direct debit
T04425,C0003,2026-02-04,-127.07,utilities,direct debit
T02096,C0081,2026-02-04,-76.07,insurance,app transfer
T04336,C0076,2026-02-04,-1558.75,rent,direct debit
T05758,C0116,2026-02-04,-653.19,travel,app transfer
T04528,C0159,2026-02-04,-52.05,restaurants,online banking
T03253,C0013,2026-02-04,2353.22,salary,card
T05059,C0153,2026-02-05,3051.53,salary,app transfer
T03642,C0062,2026-02-05,-342.7,travel,card
T03447,C0094,2026-02-05,-133.02,utilities,direct debit
T05669,C0173,2026-02-05,-54.24,groceries,online banking
T03851,C0043,2026-02-05,-1303.96,rent,direct debit
T03956,C0281,2026-02-05,-447.61,travel,card
T05983,C0061,2026-02-05,-1582.13,rent,direct debit
T00582,C0146,2026-02-05,-82.21,restaurants,direct debit
T05977,C0151,2026-02-05,-57.7,insurance,card
T01664,C0097,2026-02-05,-786.35,rent,direct debit
T02849,C0278,2026-02-05,-39.73,shopping,app transfer
T01746,C0073,2026-02-05,-33.36,restaurants,card
T05708,C0265,2026-02-05,-192.25,shopping,app transfer
T02877,C0071,2026-02-05,-18.56,groceries,card
T04586,C0191,2026-02-05,-1172.49,rent,direct debit
T05607,C0131,2026-02-05,-250.42,shopping,online banking
T01933,C0209,2026-02-06,3580.08,salary,online banking
T02891,C0024,2026-02-06,-180.49,utilities,direct debit
T00565,C0286,2026-02-06,-234.24,shopping,app transfer
T05199,C0264,2026-02-06,-255.38,shopping,app transfer
T01936,C0193,2026-02-06,-1190.69,rent,direct debit
T01946,C0178,2026-02-06,-114.39,groceries,card
T05857,C0214,2026-02-06,3478.27,salary,direct debit
T03478,C0033,2026-02-06,-221.68,shopping,card
T04545,C0133,2026-02-06,2806.78,salary,online banking
T05089,C0057,2026-02-06,-324.16,shopping,online banking
T01992,C0213,2026-02-06,2766.91,salary,direct debit
T02652,C0074,2026-02-06,-131.19,insurance,direct debit
T02372,C0079,2026-02-06,-160.84,insurance,direct debit
T05699,C0154,2026-02-06,-654.09,rent,direct debit
T00898,C0006,2026-02-06,-597.61,travel,app transfer
T00306,C0245,2026-02-06,-236.89,travel,card
T00879,C0167,2026-02-06,-73.81,restaurants,online banking
T03531,C0068,2026-02-06,-180.43,utilities,direct debit
T00867,C0088,2026-02-06,-98.5,utilities,direct debit
T04638,C0126,2026-02-06,-111.9,utilities,direct debit
T02163,C0274,2026-02-06,-979.52,rent,direct debit
T02421,C0062,2026-02-06,2842.6,salary,online banking
T04394,C0200,2026-02-07,-330.92,shopping,direct debit
T02301,C0098,2026-02-07,-142.74,insurance,online banking
T03361,C0087,2026-02-07,-1502.85,rent,direct debit
T03058,C0151,2026-02-07,-78.91,restaurants,direct debit
T01945,C0253,2026-02-07,-207.25,utilities,direct debit
T00082,C0210,2026-02-07,-769.06,rent,direct debit
T00645,C0287,2026-02-07,-51.25,restaurants,direct debit
T03151,C0119,2026-02-07,-240.86,utilities,direct debit
T00936,C0083,2026-02-07,-118.14,shopping,card
T04108,C0152,2026-02-07,-154.49,insurance,direct debit
T04366,C0019,2026-02-07,-227.75,shopping,direct debit
T05713,C0057,2026-02-07,-46.5,restaurants,online banking
T05314,C0158,2026-02-07,-239.76,shopping,card
T04825,C0125,2026-02-07,-218.17,travel,direct debit
T04948,C0113,2026-02-07,1817.53,salary,card
T05678,C0116,2026-02-07,-101.81,groceries,card
T03874,C0276,2026-02-07,-151.2,insurance,direct debit
T05899,C0119,2026-02-07,-192.94,utilities,direct debit
T00223,C0127,2026-02-07,-41.99,shopping,app transfer
T02453,C0164,2026-02-07,-187.09,utilities,direct debit
T03631,C0158,2026-02-07,-849.09,travel,app transfer
T01368,C0006,2026-02-07,3533.71,salary,card
T01341,C0217,2026-02-08,-231.74,utilities,direct debit
T02284,C0055,2026-02-08,-104.82,shopping,direct debit
T03786,C0127,2026-02-08,-252.26,shopping,online banking
T03934,C0283,2026-02-08,-43.09,utilities,direct debit
T01393,C0136,2026-02-08,-109.0,utilities,direct debit
T04175,C0102,2026-02-08,-1107.07,rent,direct debit
T03761,C0092,2026-02-08,-206.24,travel,card
T03177,C0168,2026-02-08,-1258.34,rent,direct debit
T04728,C0160,2026-02-08,-20.32,insurance,direct debit
T04574,C0274,2026-02-08,-1356.47,rent,direct debit
T05156,C0198,2026-02-08,-613.96,travel,card
T02623,C0191,2026-02-08,-915.98,rent,direct debit
T04650,C0024,2026-02-08,-20.88,restaurants,app transfer
T01940,C0148,2026-02-08,-499.6,travel,app transfer
T02363,C0001,2026-02-08,-108.02,shopping,direct debit
T05605,C0265,2026-02-08,-113.82,insurance,app transfer
T05048,C0291,2026-02-08,-1397.5,rent,direct debit
T02868,C0211,2026-02-08,1867.15,salary,direct debit
T05406,C0004,2026-02-08,-89.86,utilities,direct debit
T05871,C0250,2026-02-08,-66.72,insurance,direct debit
T01991,C0262,2026-02-09,-30.48,restaurants,direct debit
T04677,C0280,2026-02-09,-121.36,utilities,direct debit
T05256,C0188,2026-02-09,-141.21,utilities,direct debit
T05993,C0067,2026-02-09,-28.36,restaurants,card
T05546,C0064,2026-02-09,3340.74,salary,app transfer
T01683,C0136,2026-02-09,2370.09,salary,app transfer
T01429,C0189,2026-02-09,-70.92,restaurants,direct debit
T03751,C0089,2026-02-09,-41.02,restaurants,direct debit
T00883,C0089,2026-02-09,-192.66,utilities,direct debit
T04247,C0274,2026-02-09,-61.9,insurance,online banking
T01212,C0283,2026-02-09,-110.74,groceries,card
T05234,C0216,2026-02-09,4287.61,salary,online banking
T04570,C0054,2026-02-09,-98.5,utilities,direct debit
T03012,C0215,2026-02-09,4250.99,salary,card
T01015,C0148,2026-02-09,-134.05,travel,direct debit
T01960,C0063,2026-02-09,-32.22,insurance,app transfer
T05395,C0010,2026-02-09,-47.89,restaurants,card
T02772,C0222,2026-02-09,-1218.32,rent,direct debit
T01588,C0041,2026-02-09,-68.94,restaurants,card
T01070,C0058,2026-02-09,-667.87,rent,direct debit
T05110,C0222,2026-02-09,-63.16,groceries,direct debit
T04096,C0071,2026-02-09,-82.65,restaurants,online banking
T05677,C0237,2026-02-09,-96.04,utilities,direct debit
T03006,C0030,2026-02-09,-307.66,travel,card
T01708,C0287,2026-02-09,-742.24,travel,online banking
T00001,C0236,2026-02-09,-104.56,groceries,online banking
T00014,C0147,2026-02-09,2759.4,salary,card
T00605,C0118,2026-02-09,-482.51,travel,direct debit
T00332,C0135,2026-02-09,-50.7,restaurants,direct debit
T02818,C0019,2026-02-10,-90.52,travel,card
T03654,C0226,2026-02-10,-37.59,insurance,direct debit
T03635,C0119,2026-02-10,-147.66,insurance,app transfer
T05310,C0229,2026-02-10,-303.93,shopping,card
T02788,C0059,2026-02-10,-127.11,insurance,direct debit
T04433,C0294,2026-02-10,-71.16,restaurants,online banking
T05551,C0178,2026-02-10,-484.73,travel,app transfer
T02190,C0263,2026-02-10,-970.88,rent,direct debit
T00800,C0184,2026-02-10,-85.07,groceries,online banking
T05474,C0120,2026-02-10,-122.25,insurance,online banking
T05017,C0049,2026-02-10,3213.08,salary,direct debit
T00062,C0218,2026-02-10,-45.59,restaurants,app transfer
T00208,C0204,2026-02-10,-155.49,shopping,online banking
T05329,C0076,2026-02-10,3876.16,salary,app transfer
T03965,C0210,2026-02-10,-124.25,insurance,direct debit
T01998,C0196,2026-02-10,-861.45,travel,app transfer
T02745,C0129,2026-02-10,-66.83,groceries,direct debit
T03896,C0226,2026-02-10,-226.65,travel,direct debit
T05259,C0274,2026-02-10,3556.99,salary,direct debit
T02873,C0299,2026-02-10,-80.93,utilities,direct debit
T04393,C0101,2026-02-10,-421.66,travel,card
T02254,C0284,2026-02-10,-388.47,shopping,card
T05619,C0023,2026-02-10,-83.48,restaurants,online banking
T02874,C0160,2026-02-10,-326.52,shopping,direct debit
T03882,C0276,2026-02-10,-64.02,insurance,direct debit
T03704,C0029,2026-02-10,-237.14,utilities,direct debit
T00157,C0127,2026-02-11,-145.61,utilities,direct debit
T02953,C0217,2026-02-11,-69.54,restaurants,direct debit
T01324,C0276,2026-02-11,-1397.94,rent,direct debit
T04672,C0244,2026-02-11,4077.03,salary,online banking
T01275,C0211,2026-02-11,-737.64,rent,direct debit
T05795,C0187,2026-02-11,-11.62,groceries,card
T03195,C0199,2026-02-11,-209.23,utilities,direct debit
T00412,C0150,2026-02-11,-447.27,travel,card
T01885,C0300,2026-02-11,-926.26,rent,direct debit
T03875,C0232,2026-02-11,-131.67,utilities,direct debit
T02221,C0258,2026-02-11,-555.63,travel,online banking
T02645,C0203,2026-02-11,-211.16,utilities,direct debit
T00040,C0198,2026-02-11,-112.48,utilities,direct debit
T04373,C0092,2026-02-11,-731.67,travel,card
T05740,C0025,2026-02-11,-95.78,groceries,card
T05016,C0021,2026-02-11,-1205.37,rent,direct debit
T05743,C0264,2026-02-11,-64.33,shopping,card
T03510,C0282,2026-02-11,2528.11,salary,direct debit
T05185,C0043,2026-02-11,-24.21,insurance,app transfer
T05752,C0110,2026-02-11,-1149.96,rent,direct debit
T04275,C0261,2026-02-11,-618.7,travel,app transfer
T02804,C0052,2026-02-12,-18.42,restaurants,card
T05286,C0078,2026-02-12,-584.22,travel,online banking
T04904,C0227,2026-02-12,-24.4,groceries,card
T05281,C0158,2026-02-12,-1538.19,rent,direct debit
T02340,C0116,2026-02-12,-679.14,travel,online banking
T02809,C0020,2026-02-12,-89.08,restaurants,card
T01036,C0012,2026-02-12,-148.45,utilities,direct debit
T05445,C0056,2026-02-12,-166.5,shopping,direct debit
T05046,C0073,2026-02-12,-1356.46,rent,direct debit
T02121,C0068,2026-02-12,-400.83,travel,card
T02401,C0292,2026-02-12,-136.3,shopping,app transfer
T02077,C0074,2026-02-12,4242.45,salary,app transfer
T01160,C0295,2026-02-12,4200.76,salary,app transfer
T03750,C0033,2026-02-12,-192.03,travel,app transfer
T04703,C0297,2026-02-12,-310.95,shopping,card
T03740,C0179,2026-02-12,-784.67,rent,direct debit
T00212,C0088,2026-02-12,-63.98,groceries,online banking
T05253,C0183,2026-02-12,-148.2,utilities,direct debit
T02469,C0095,2026-02-12,-1374.41,rent,direct debit
T04724,C0122,2026-02-12,-83.77,restaurants,app transfer
T05458,C0099,2026-02-12,-11.66,shopping,direct debit
T02126,C0137,2026-02-12,-188.42,travel,card
T04945,C0263,2026-02-12,-23.72,groceries,app transfer
T03148,C0061,2026-02-12,-326.84,shopping,online banking
T03993,C0279,2026-02-12,-377.69,shopping,online banking
T00277,C0086,2026-02-12,-110.46,insurance,app transfer
T00323,C0206,2026-02-12,-1258.51,rent,direct debit
T05362,C0176,2026-02-12,-126.61,insurance,card
T01552,C0060,2026-02-12,-21.52,restaurants,app transfer
T00324,C0143,2026-02-12,-306.52,travel,app transfer
T01733,C0192,2026-02-12,2658.06,salary,online banking
T02949,C0276,2026-02-12,-104.6,utilities,direct debit
T03997,C0229,2026-02-12,-234.51,utilities,direct debit
T01569,C0234,2026-02-12,-1547.5,rent,direct debit
T03201,C0241,2026-02-12,-849.9,rent,direct debit
T03683,C0114,2026-02-13,-718.86,rent,direct debit
T03391,C0125,2026-02-13,2907.99,salary,card
T01847,C0282,2026-02-13,-39.65,restaurants,app transfer
T05929,C0010,2026-02-13,-1197.96,rent,direct debit
T02504,C0034,2026-02-13,-13.67,restaurants,card
T04018,C0028,2026-02-13,-22.31,groceries,app transfer
T04632,C0106,2026-02-13,-136.58,shopping,card
T00612,C0146,2026-02-13,-32.26,groceries,online banking
T03842,C0189,2026-02-13,-91.78,insurance,card
T04801,C0250,2026-02-13,-116.59,insurance,card
T00765,C0135,2026-02-13,-1028.6,rent,direct debit
T01402,C0175,2026-02-13,-70.09,insurance,app transfer
T02863,C0238,2026-02-13,4137.99,salary,card
T05681,C0197,2026-02-13,-10.74,groceries,online banking
T05039,C0100,2026-02-13,-213.32,shopping,app transfer
T00952,C0250,2026-02-13,2109.92,salary,online banking
T00575,C0276,2026-02-13,-939.46,rent,direct debit
T02530,C0231,2026-02-13,-74.83,restaurants,direct debit
T01890,C0157,2026-02-13,-125.96,shopping,online banking
T03930,C0120,2026-02-13,-565.64,travel,direct debit
T01388,C0131,2026-02-13,4137.31,salary,card
T03225,C0227,2026-02-13,-56.3,groceries,card
T05496,C0036,2026-02-13,-28.83,insurance,online banking
T00417,C0050,2026-02-13,-614.6,travel,online banking
T00248,C0185,2026-02-13,-20.25,groceries,app transfer
T04862,C0256,2026-02-13,-1312.45,rent,direct debit
T05202,C0010,2026-02-13,-34.78,utilities,direct debit
T03167,C0266,2026-02-14,-1281.9,rent,direct debit
T00570,C0155,2026-02-14,-119.79,shopping,online banking
T05917,C0223,2026-02-14,-23.94,groceries,online banking
T03138,C0146,2026-02-14,-14.74,restaurants,direct debit
T04957,C0013,2026-02-14,2532.48,salary,online banking
T02854,C0010,2026-02-14,-396.93,shopping,app transfer
T01041,C0288,2026-02-14,-54.51,insurance,online banking
T03439,C0132,2026-02-14,-160.36,insurance,direct debit
T03900,C0127,2026-02-14,-124.11,insurance,online banking
T03591,C0271,2026-02-14,-1119.66,rent,direct debit
T00932,C0062,2026-02-14,-78.8,restaurants,app transfer
T01014,C0235,2026-02-14,-47.64,utilities,direct debit
T03094,C0082,2026-02-14,1821.19,salary,direct debit
T04404,C0272,2026-02-14,-596.4,travel,online banking
T04150,C0277,2026-02-14,-177.66,travel,card
T04254,C0153,2026-02-14,3097.44,salary,card
T04019,C0235,2026-02-14,-65.48,travel,app transfer
T05289,C0255,2026-02-14,-300.84,shopping,card
T01727,C0159,2026-02-14,-469.06,travel,online banking
T05235,C0042,2026-02-14,3021.43,salary,direct debit
T05866,C0115,2026-02-14,-697.88,travel,app transfer
T00564,C0020,2026-02-14,4302.23,salary,app transfer
T01729,C0181,2026-02-15,4307.94,salary,online banking
T03443,C0212,2026-02-15,-86.83,restaurants,app transfer
T02952,C0113,2026-02-15,-485.44,travel,online banking
T01526,C0058,2026-02-15,-38.54,restaurants,app transfer
T01045,C0193,2026-02-15,-12.52,restaurants,direct debit
T03497,C0060,2026-02-15,-370.26,travel,online banking
T05272,C0206,2026-02-15,-86.69,shopping,card
T01493,C0211,2026-02-15,-52.62,shopping,direct debit
T00472,C0251,2026-02-15,-151.29,travel,online banking
T01873,C0106,2026-02-15,3976.63,salary,online banking
T04026,C0055,2026-02-15,-45.28,groceries,card
T04439,C0243,2026-02-15,-106.73,insurance,app transfer
T03974,C0286,2026-02-15,-176.28,insurance,card
T03205,C0059,2026-02-15,-20.98,groceries,online banking
T00463,C0172,2026-02-15,-231.14,travel,app transfer
T01827,C0088,2026-02-15,-72.06,utilities,direct debit
T03950,C0237,2026-02-15,-71.69,utilities,direct debit
T04679,C0237,2026-02-15,-36.43,utilities,direct debit
T01292,C0167,2026-02-15,-727.84,travel,online banking
T05462,C0025,2026-02-15,-68.71,shopping,app transfer
T00948,C0029,2026-02-16,-997.09,rent,direct debit
T04006,C0277,2026-02-16,-632.3,travel,app transfer
T02398,C0048,2026-02-16,-186.57,utilities,direct debit
T00103,C0012,2026-02-16,-171.24,insurance,online banking
T01467,C0065,2026-02-16,-68.21,utilities,direct debit
T03899,C0221,2026-02-16,3509.86,salary,direct debit
T04208,C0007,2026-02-16,-771.93,travel,app transfer
T04879,C0019,2026-02-16,-385.21,shopping,card
T05271,C0152,2026-02-16,-247.83,utilities,direct debit
T02537,C0096,2026-02-16,-68.02,restaurants,card
T04928,C0107,2026-02-16,-113.55,groceries,online banking
T03237,C0142,2026-02-16,-1114.53,rent,direct debit
T03212,C0052,2026-02-16,-284.63,travel,online banking
T01142,C0255,2026-02-16,-102.85,shopping,card
T03164,C0005,2026-02-16,-1143.61,rent,direct debit
T02725,C0083,2026-02-16,-71.98,groceries,direct debit
T02154,C0028,2026-02-16,3664.96,salary,app transfer
T01443,C0103,2026-02-16,-33.53,utilities,direct debit
T00721,C0256,2026-02-16,-629.91,travel,direct debit
T02702,C0173,2026-02-16,-130.63,insurance,direct debit
T03626,C0292,2026-02-16,-72.54,groceries,online banking
T04050,C0094,2026-02-16,-26.03,groceries,direct debit
T04702,C0129,2026-02-16,-20.09,restaurants,card
T04227,C0145,2026-02-17,-386.35,shopping,direct debit
T03989,C0297,2026-02-17,-51.06,groceries,app transfer
T01748,C0028,2026-02-17,-809.66,travel,online banking
T01266,C0110,2026-02-17,-209.55,shopping,direct debit
T04568,C0066,2026-02-17,3083.05,salary,app transfer
T00025,C0270,2026-02-17,-595.58,travel,online banking
T00405,C0281,2026-02-17,-38.36,restaurants,online banking
T05516,C0018,2026-02-17,-119.43,insurance,direct debit
T02923,C0108,2026-02-17,-74.53,insurance,app transfer
T01411,C0156,2026-02-17,-47.43,insurance,app transfer
T03398,C0138,2026-02-17,-720.13,rent,direct debit
T03197,C0293,2026-02-17,-35.02,utilities,direct debit
T04626,C0184,2026-02-17,-138.43,travel,online banking
T01489,C0060,2026-02-17,-80.17,groceries,online banking
T00089,C0274,2026-02-17,-206.0,shopping,app transfer
T02748,C0119,2026-02-17,-60.43,restaurants,app transfer
T03844,C0158,2026-02-17,3802.52,salary,online banking
T00367,C0066,2026-02-17,-164.81,insurance,direct debit
T03998,C0163,2026-02-17,-63.65,restaurants,direct debit
T03527,C0258,2026-02-17,-399.42,travel,card
T04192,C0079,2026-02-17,-471.48,travel,app transfer
T02876,C0216,2026-02-17,-266.58,shopping,direct debit
T03494,C0170,2026-02-18,-37.2,shopping,card
T03964,C0162,2026-02-18,3893.45,salary,app transfer
T01213,C0212,2026-02-18,-1091.42,rent,direct debit
T00303,C0047,2026-02-18,-651.03,rent,direct debit
T01858,C0002,2026-02-18,-82.18,shopping,online banking
T03784,C0198,2026-02-18,-124.1,insurance,online banking
T04907,C0241,2026-02-18,-141.18,insurance,online banking
T01821,C0241,2026-02-18,-76.73,restaurants,online banking
T02726,C0064,2026-02-18,-59.39,insurance,online banking
T00351,C0044,2026-02-18,-100.87,insurance,online banking
T05381,C0159,2026-02-18,-82.96,insurance,direct debit
T01194,C0256,2026-02-18,-225.22,utilities,direct debit
T05302,C0019,2026-02-18,-228.13,utilities,direct debit
T01346,C0225,2026-02-18,-60.78,restaurants,card
T04593,C0263,2026-02-18,-43.55,restaurants,card
T04608,C0009,2026-02-18,3219.25,salary,online banking
T01177,C0038,2026-02-18,-227.23,shopping,card
T01426,C0292,2026-02-18,-378.45,travel,card
T03868,C0084,2026-02-18,2598.47,salary,online banking
T04642,C0148,2026-02-18,-122.42,travel,app transfer
T02186,C0044,2026-02-18,-148.41,travel,app transfer
T00213,C0290,2026-02-18,2084.06,salary,card
T00497,C0060,2026-02-18,-1458.68,rent,direct debit
T04759,C0262,2026-02-18,-839.66,travel,direct debit
T01579,C0251,2026-02-18,-216.29,shopping,direct debit
T04951,C0072,2026-02-18,-227.5,shopping,card
T02575,C0262,2026-02-18,3462.81,salary,app transfer
T05144,C0139,2026-02-18,-631.98,travel,app transfer
T02559,C0112,2026-02-18,-54.09,travel,online banking
T02429,C0232,2026-02-18,3085.56,salary,card
T05109,C0265,2026-02-18,3007.19,salary,card
T03269,C0133,2026-02-18,-103.16,groceries,card
T05111,C0125,2026-02-18,-1593.5,rent,direct debit
T05539,C0004,2026-02-18,-78.4,insurance,card
T05021,C0198,2026-02-18,-399.1,shopping,app transfer
T03816,C0150,2026-02-19,-1180.06,rent,direct debit
T01099,C0156,2026-02-19,-693.75,travel,online banking
T02848,C0186,2026-02-19,-697.98,travel,direct debit
T01111,C0195,2026-02-19,3344.0,salary,direct debit
T03996,C0061,2026-02-19,-1336.86,rent,direct debit
T02813,C0264,2026-02-19,-466.92,travel,app transfer
T04710,C0245,2026-02-19,-62.39,groceries,card
T05432,C0031,2026-02-19,-53.4,shopping,online banking
T03948,C0031,2026-02-19,-63.43,groceries,app transfer
T00674,C0244,2026-02-19,-185.44,shopping,direct debit
T01350,C0206,2026-02-19,-1236.44,rent,direct debit
T02210,C0064,2026-02-19,-1025.96,rent,direct debit
T00206,C0055,2026-02-19,-490.97,travel,app transfer
T00519,C0059,2026-02-19,-141.49,insurance,app transfer
T05655,C0194,2026-02-19,-162.77,shopping,card
T02426,C0094,2026-02-19,3659.77,salary,app transfer
T02929,C0014,2026-02-19,-883.41,travel,card
T00409,C0122,2026-02-19,-29.36,shopping,online banking
T01060,C0186,2026-02-19,-218.42,shopping,direct debit
T04353,C0208,2026-02-19,4465.62,salary,online banking
T01546,C0029,2026-02-19,-345.8,travel,online banking
T05770,C0183,2026-02-20,-631.76,travel,card
T04228,C0103,2026-02-20,-374.62,travel,direct debit
T02253,C0205,2026-02-20,-114.63,groceries,card
T01395,C0117,2026-02-20,-56.25,shopping,direct debit
T02661,C0276,2026-02-20,-1051.57,rent,direct debit
T01887,C0205,2026-02-20,-1498.38,rent,direct debit
T03935,C0159,2026-02-20,-172.76,insurance,app transfer
T04712,C0247,2026-02-20,2190.93,salary,card
T05808,C0200,2026-02-20,-56.82,groceries,direct debit
T03048,C0219,2026-02-20,-127.52,insurance,app transfer
T05308,C0046,2026-02-20,-97.53,groceries,app transfer
T02382,C0056,2026-02-20,-72.47,groceries,card
T01097,C0016,2026-02-20,-674.51,travel,card
T05084,C0235,2026-02-20,-73.03,utilities,direct debit
T00041,C0164,2026-02-20,-101.99,groceries,direct debit
T01577,C0006,2026-02-20,-157.09,shopping,app transfer
T00219,C0028,2026-02-20,3319.86,salary,card
T00858,C0074,2026-02-20,2280.23,salary,app transfer
T01305,C0200,2026-02-20,-134.82,shopping,online banking
T00621,C0180,2026-02-20,-1054.21,rent,direct debit
T00929,C0211,2026-02-20,-66.83,groceries,online banking
T01764,C0146,2026-02-20,-1595.6,rent,direct debit
T03604,C0020,2026-02-20,-663.45,rent,direct debit
T04098,C0260,2026-02-20,-74.62,insurance,direct debit
T01118,C0251,2026-02-21,-65.89,restaurants,app transfer
T02334,C0081,2026-02-21,-52.85,travel,app transfer
T03892,C0274,2026-02-21,2189.92,salary,card
T04555,C0281,2026-02-21,-24.07,restaurants,online banking
T04566,C0112,2026-02-21,-317.7,travel,direct debit
T00135,C0027,2026-02-21,-120.93,utilities,direct debit
T01352,C0220,2026-02-21,-74.34,insurance,card
T01311,C0138,2026-02-21,-35.59,groceries,app transfer
T03020,C0109,2026-02-21,1927.48,salary,app transfer
T05062,C0161,2026-02-21,-35.29,groceries,direct debit
T01866,C0049,2026-02-21,-301.96,travel,direct debit
T00428,C0055,2026-02-21,-73.29,restaurants,direct debit
T03322,C0065,2026-02-21,-1138.93,rent,direct debit
T04054,C0073,2026-02-21,-134.16,insurance,online banking
T02871,C0269,2026-02-21,-351.78,travel,card
T00407,C0028,2026-02-21,-324.74,travel,app transfer
T01766,C0255,2026-02-21,-61.41,restaurants,card
T03719,C0096,2026-02-21,-22.14,restaurants,card
T00487,C0216,2026-02-21,-268.37,shopping,direct debit
T02262,C0102,2026-02-21,-106.78,insurance,app transfer
T05639,C0252,2026-02-21,4273.2,salary,direct debit
T02751,C0035,2026-02-21,-32.99,restaurants,app transfer
T05594,C0159,2026-02-21,-1452.88,rent,direct debit
T04499,C0181,2026-02-21,-178.59,insurance,app transfer
T05063,C0031,2026-02-21,-1168.22,rent,direct debit
T05147,C0279,2026-02-21,-62.61,restaurants,direct debit
T05730,C0187,2026-02-21,3210.23,salary,app transfer
T05760,C0233,2026-02-22,-816.06,rent,direct debit
T00036,C0191,2026-02-22,-133.82,insurance,card
T03725,C0253,2026-02-22,-25.47,restaurants,app transfer
T02100,C0135,2026-02-22,-148.97,travel,online banking
T05668,C0135,2026-02-22,-111.38,groceries,app transfer
T03814,C0207,2026-02-22,-1212.57,rent,direct debit
T05371,C0253,2026-02-22,-73.81,insurance,online banking
T00226,C0139,2026-02-22,4142.23,salary,app transfer
T02099,C0079,2026-02-22,-68.99,restaurants,direct debit
T04183,C0197,2026-02-22,-359.95,shopping,app transfer
T05782,C0054,2026-02-22,-802.3,rent,direct debit
T05186,C0230,2026-02-22,-141.32,shopping,online banking
T02594,C0078,2026-02-22,-489.59,travel,app transfer
T01785,C0297,2026-02-22,-20.42,groceries,card
T00477,C0067,2026-02-22,-159.58,shopping,direct debit
T05389,C0239,2026-02-22,-36.18,groceries,online banking
T03034,C0170,2026-02-22,-293.19,travel,direct debit
T00063,C0165,2026-02-22,-41.23,shopping,direct debit
T04880,C0237,2026-02-22,-388.13,travel,app transfer
T00600,C0166,2026-02-22,-86.82,groceries,direct debit
T01825,C0192,2026-02-22,-14.28,restaurants,card
T05987,C0119,2026-02-22,3477.33,salary,app transfer
T00265,C0296,2026-02-22,-74.36,restaurants,app transfer
T00515,C0010,2026-02-22,-84.55,insurance,card
T00017,C0231,2026-02-22,-98.83,groceries,direct debit
T04344,C0220,2026-02-22,-1241.27,rent,direct debit
T00941,C0133,2026-02-22,-25.58,insurance,card
T00706,C0096,2026-02-22,-39.6,groceries,app transfer
T01682,C0179,2026-02-23,-115.73,shopping,online banking
T01735,C0080,2026-02-23,-40.55,groceries,app transfer
T02446,C0252,2026-02-23,-44.01,groceries,online banking
T05417,C0299,2026-02-23,-734.04,rent,direct debit
T05210,C0120,2026-02-23,-148.19,utilities,direct debit
T05893,C0206,2026-02-23,-59.29,groceries,card
T03808,C0267,2026-02-23,2420.53,salary,card
T00488,C0215,2026-02-23,-479.96,travel,card
T04189,C0052,2026-02-23,-297.58,travel,card
T00053,C0124,2026-02-23,2416.95,salary,direct debit
T02981,C0110,2026-02-23,-944.11,rent,direct debit
T01826,C0072,2026-02-23,-119.28,groceries,online banking
T05841,C0239,2026-02-23,-584.73,travel,direct debit
T03311,C0265,2026-02-23,-1397.91,rent,direct debit
T00562,C0218,2026-02-23,-75.23,utilities,direct debit
T03879,C0268,2026-02-23,-728.85,rent,direct debit
T02234,C0064,2026-02-23,-788.68,rent,direct debit
T05723,C0121,2026-02-23,-179.11,insurance,app transfer
T03367,C0019,2026-02-23,-65.65,groceries,online banking
T02380,C0137,2026-02-23,-1597.44,rent,direct debit
T02909,C0033,2026-02-24,-35.02,groceries,direct debit
T00356,C0080,2026-02-24,-24.82,restaurants,online banking
T00250,C0221,2026-02-24,4471.52,salary,direct debit
T02650,C0209,2026-02-24,3890.3,salary,online banking
T01898,C0139,2026-02-24,-45.35,groceries,card
T04058,C0124,2026-02-24,-70.52,restaurants,online banking
T02027,C0133,2026-02-24,-370.56,shopping,direct debit
T04898,C0219,2026-02-24,-387.63,shopping,card
T00489,C0059,2026-02-24,-204.12,shopping,app transfer
T04963,C0290,2026-02-24,4133.94,salary,direct debit
T00869,C0026,2026-02-24,-81.38,insurance,card
T03161,C0089,2026-02-24,-192.15,utilities,direct debit
T01923,C0050,2026-02-24,-139.88,utilities,direct debit
T03233,C0246,2026-02-24,-63.38,shopping,direct debit
T02879,C0278,2026-02-24,-901.07,rent,direct debit
T00522,C0210,2026-02-24,-258.69,travel,app transfer
T00235,C0235,2026-02-24,-59.81,utilities,direct debit
T01080,C0226,2026-02-24,-195.53,travel,direct debit
T02564,C0181,2026-02-24,-15.49,groceries,direct debit
T02678,C0279,2026-02-24,3369.71,salary,card
T03227,C0272,2026-02-24,-143.53,shopping,direct debit
T02866,C0020,2026-02-24,-31.42,shopping,direct debit
T05835,C0020,2026-02-25,-160.51,insurance,app transfer
T05877,C0082,2026-02-25,-54.98,restaurants,app transfer
T02716,C0251,2026-02-25,-1102.55,rent,direct debit
T00836,C0030,2026-02-25,-155.7,utilities,direct debit
T03698,C0206,2026-02-25,3918.08,salary,card
T03434,C0238,2026-02-25,-883.71,travel,card
T00258,C0176,2026-02-25,-83.84,groceries,app transfer
T00524,C0174,2026-02-25,-196.57,utilities,direct debit
T00588,C0283,2026-02-25,-48.12,insurance,card
T00454,C0153,2026-02-25,-197.88,shopping,direct debit
T00809,C0267,2026-02-25,-58.58,groceries,card
T05420,C0043,2026-02-25,-1206.3,rent,direct debit
T00484,C0025,2026-02-25,-81.2,groceries,card
T03133,C0233,2026-02-25,-137.44,shopping,direct debit
T01974,C0030,2026-02-25,-1175.63,rent,direct debit
T02437,C0150,2026-02-25,-146.13,shopping,app transfer
T00133,C0071,2026-02-25,-250.11,shopping,app transfer
T01614,C0057,2026-02-25,-721.73,travel,app transfer
T05719,C0291,2026-02-25,-135.61,utilities,direct debit
T05895,C0175,2026-02-25,-25.47,restaurants,card
T03022,C0224,2026-02-25,-457.43,travel,online banking
T02468,C0246,2026-02-25,-37.83,insurance,card
T04193,C0165,2026-02-26,-240.37,shopping,card
T01678,C0087,2026-02-26,-55.92,insurance,direct debit
T05013,C0177,2026-02-26,-635.03,travel,direct debit
T01829,C0023,2026-02-26,-28.72,shopping,direct debit
T04614,C0027,2026-02-26,-1172.11,rent,direct debit
T03469,C0164,2026-02-26,-38.31,restaurants,app transfer
T02517,C0077,2026-02-26,-1593.25,rent,direct debit
T05557,C0244,2026-02-26,3588.59,salary,online banking
T03657,C0180,2026-02-26,4063.92,salary,app transfer
T04739,C0141,2026-02-26,-337.14,shopping,card
T05849,C0142,2026-02-26,-341.5,shopping,card
T03968,C0295,2026-02-26,-36.93,restaurants,card
T05521,C0296,2026-02-27,-447.54,travel,online banking
T04288,C0276,2026-02-27,-86.29,insurance,card
T03271,C0076,2026-02-27,-33.36,insurance,online banking
T02721,C0006,2026-02-27,-45.81,groceries,direct debit
T02946,C0118,2026-02-27,-70.73,groceries,online banking
T02046,C0113,2026-02-27,-87.11,restaurants,direct debit
T04301,C0217,2026-02-27,-88.55,groceries,online banking
T00815,C0257,2026-02-27,-26.02,restaurants,app transfer
T03760,C0093,2026-02-27,-248.1,shopping,online banking
T00914,C0008,2026-02-27,-245.49,shopping,app transfer
T00904,C0189,2026-02-27,-112.84,insurance,card
T02235,C0297,2026-02-27,-291.58,shopping,direct debit
T03298,C0110,2026-02-27,-57.75,restaurants,app transfer
T04085,C0109,2026-02-27,-251.8,shopping,app transfer
T01032,C0174,2026-02-27,-137.06,insurance,card
T04388,C0062,2026-02-27,-550.84,travel,online banking
T04067,C0240,2026-02-27,-238.01,utilities,direct debit
T05629,C0284,2026-02-27,-83.4,groceries,direct debit
T02300,C0286,2026-02-27,-53.48,restaurants,card
T03584,C0002,2026-02-27,-64.59,insurance,card
T00158,C0040,2026-02-27,4333.25,salary,app transfer
T03728,C0074,2026-02-27,-363.09,travel,online banking
T04591,C0138,2026-02-28,-87.95,insurance,online banking
T01807,C0016,2026-02-28,-820.91,rent,direct debit
T04918,C0253,2026-02-28,4276.94,salary,direct debit
T01967,C0233,2026-02-28,-23.41,insurance,card
T00241,C0187,2026-02-28,-1535.46,rent,direct debit
T03881,C0223,2026-02-28,2406.53,salary,app transfer
T05802,C0295,2026-02-28,-245.73,utilities,direct debit
T03319,C0180,2026-02-28,-15.88,groceries,card
T03202,C0048,2026-02-28,-43.23,insurance,card
T05670,C0278,2026-02-28,-103.18,groceries,app transfer
T05522,C0154,2026-02-28,-176.57,shopping,app transfer
T02463,C0037,2026-02-28,-55.36,utilities,direct debit
T01619,C0144,2026-02-28,-220.12,utilities,direct debit
T00007,C0262,2026-02-28,-53.39,restaurants,app transfer
T05119,C0088,2026-02-28,-115.58,utilities,direct debit
T01243,C0221,2026-02-28,2832.58,salary,card
T05950,C0274,2026-02-28,-1356.37,rent,direct debit
T01114,C0157,2026-02-28,-38.33,restaurants,card
T02142,C0017,2026-03-01,-211.64,shopping,app transfer
T04369,C0128,2026-03-01,2011.07,salary,card
T03841,C0208,2026-03-01,-88.24,restaurants,direct debit
T05959,C0050,2026-03-01,-19.06,restaurants,card
T01652,C0108,2026-03-01,-30.31,utilities,direct debit
T01033,C0283,2026-03-01,-304.95,travel,online banking
T02192,C0222,2026-03-01,-73.9,restaurants,direct debit
T02261,C0245,2026-03-01,-127.22,utilities,direct debit
T02945,C0047,2026-03-01,-147.46,insurance,app transfer
T04850,C0192,2026-03-01,-783.06,travel,direct debit
T05509,C0055,2026-03-01,-241.61,utilities,direct debit
T03787,C0210,2026-03-01,-93.7,insurance,card
T03433,C0047,2026-03-01,-72.33,groceries,card
T03902,C0178,2026-03-01,4226.59,salary,direct debit
T01183,C0134,2026-03-01,-309.41,travel,app transfer
T00334,C0294,2026-03-01,-29.82,restaurants,card
T03203,C0078,2026-03-01,-218.23,travel,card
T02675,C0228,2026-03-01,-52.34,utilities,direct debit
T04014,C0055,2026-03-01,2646.13,salary,card
T03742,C0147,2026-03-01,-101.35,travel,online banking
T00254,C0044,2026-03-01,-1439.75,rent,direct debit
T04338,C0154,2026-03-02,-33.67,utilities,direct debit
T04270,C0072,2026-03-02,-637.24,travel,card
T01547,C0027,2026-03-02,-883.04,travel,direct debit
T04754,C0149,2026-03-02,-1257.58,rent,direct debit
T02370,C0006,2026-03-02,3094.33,salary,card
T02669,C0300,2026-03-02,-282.3,shopping,online banking
T04052,C0016,2026-03-02,-185.81,utilities,direct debit
T04541,C0243,2026-03-02,-129.07,utilities,direct debit
T01649,C0138,2026-03-02,-76.73,shopping,card
T01102,C0221,2026-03-02,-50.97,groceries,direct debit
T00152,C0032,2026-03-02,-132.39,utilities,direct debit
T01072,C0241,2026-03-02,-109.76,groceries,card
T02015,C0151,2026-03-02,-104.1,utilities,direct debit
T03988,C0130,2026-03-02,-43.68,restaurants,card
T03218,C0233,2026-03-02,-61.21,utilities,direct debit
T04351,C0132,2026-03-03,-133.73,insurance,direct debit
T04839,C0189,2026-03-03,-18.46,shopping,online banking
T04184,C0218,2026-03-03,-58.24,groceries,app transfer
T03004,C0146,2026-03-03,-384.54,shopping,online banking
T05120,C0216,2026-03-03,-206.51,utilities,direct debit
T03274,C0083,2026-03-03,-428.11,travel,direct debit
T03576,C0073,2026-03-03,-108.28,travel,online banking
T00357,C0209,2026-03-03,3053.0,salary,app transfer
T05920,C0132,2026-03-03,-1065.67,rent,direct debit
T04415,C0288,2026-03-03,-88.46,groceries,online banking
T04405,C0005,2026-03-03,-14.27,shopping,app transfer
T02482,C0199,2026-03-03,-103.98,groceries,card
T02581,C0097,2026-03-03,-95.04,utilities,direct debit
T00966,C0033,2026-03-03,3760.49,salary,online banking
T04716,C0048,2026-03-03,-61.68,shopping,online banking
T03921,C0218,2026-03-03,-96.35,groceries,online banking
T01202,C0079,2026-03-03,-126.43,shopping,online banking
T02610,C0202,2026-03-03,-263.68,shopping,online banking
T03247,C0105,2026-03-03,-70.86,groceries,direct debit
T02466,C0056,2026-03-03,-164.01,shopping,app transfer
T02717,C0161,2026-03-03,-782.74,rent,direct debit
T02318,C0108,2026-03-03,-849.0,travel,direct debit
T01283,C0057,2026-03-03,-1001.11,rent,direct debit
T02967,C0194,2026-03-04,-874.01,rent,direct debit
T05753,C0148,2026-03-04,-1106.66,rent,direct debit
T05515,C0087,2026-03-04,-254.23,travel,card
T03388,C0198,2026-03-04,-21.79,insurance,card
T03575,C0016,2026-03-04,-63.52,groceries,direct debit
T04076,C0084,2026-03-04,-376.0,travel,card
T01195,C0146,2026-03-04,-52.15,groceries,card
T03857,C0093,2026-03-04,3298.04,salary,direct debit
T01999,C0276,2026-03-04,-1455.22,rent,direct debit
T03235,C0264,2026-03-04,-15.02,restaurants,card
T01092,C0207,2026-03-04,-81.23,utilities,direct debit
T03888,C0063,2026-03-04,-72.48,groceries,card
T05609,C0255,2026-03-04,2085.83,salary,online banking
T04331,C0155,2026-03-04,-35.67,groceries,app transfer
T03663,C0157,2026-03-04,-42.85,restaurants,app transfer
T02821,C0210,2026-03-04,-1533.38,rent,direct debit
T01522,C0244,2026-03-05,-269.54,shopping,online banking
T01908,C0225,2026-03-05,-178.62,shopping,card
T05196,C0229,2026-03-05,3688.21,salary,card
T05391,C0149,2026-03-05,-152.31,utilities,direct debit
T01270,C0025,2026-03-05,-47.0,restaurants,card
T03317,C0057,2026-03-05,-76.73,groceries,app transfer
T01578,C0054,2026-03-05,-816.94,rent,direct debit
T02065,C0140,2026-03-05,-99.06,groceries,online banking
T01557,C0266,2026-03-05,-70.77,restaurants,app transfer
T01604,C0211,2026-03-05,-825.27,travel,card
T00312,C0072,2026-03-05,-57.99,restaurants,online banking
T03590,C0117,2026-03-05,-310.0,shopping,app transfer
T05126,C0281,2026-03-05,-63.69,utilities,direct debit
T05497,C0184,2026-03-05,-58.6,utilities,direct debit
T05449,C0028,2026-03-05,-108.37,insurance,direct debit
T05584,C0128,2026-03-05,-384.48,travel,online banking
T04418,C0077,2026-03-05,3168.03,salary,online banking
T03827,C0093,2026-03-05,-563.73,travel,direct debit
T00059,C0140,2026-03-05,2341.78,salary,online banking
T02974,C0271,2026-03-05,-357.18,shopping,card
T05748,C0271,2026-03-05,-202.58,shopping,online banking
T05682,C0257,2026-03-05,-76.8,restaurants,app transfer
T03850,C0100,2026-03-05,-146.57,utilities,direct debit
T03920,C0252,2026-03-05,-430.02,travel,app transfer
T00689,C0227,2026-03-06,-61.2,shopping,app transfer
T05731,C0237,2026-03-06,4180.21,salary,card
T04030,C0052,2026-03-06,2269.66,salary,app transfer
T03162,C0033,2026-03-06,-74.04,utilities,direct debit
T04334,C0080,2026-03-06,-43.39,restaurants,card
T00330,C0191,2026-03-06,-684.81,travel,direct debit
T03522,C0006,2026-03-06,-191.86,utilities,direct debit
T04202,C0247,2026-03-06,-1275.54,rent,direct debit
T03099,C0082,2026-03-06,-107.92,groceries,card
T00423,C0099,2026-03-06,-39.39,utilities,direct debit
T01555,C0293,2026-03-06,-48.78,shopping,card
T05738,C0165,2026-03-06,2868.29,salary,card
T01896,C0202,2026-03-06,-53.13,groceries,card
T02031,C0267,2026-03-06,-152.97,insurance,direct debit
T05903,C0287,2026-03-06,-107.06,groceries,app transfer
T01222,C0045,2026-03-06,-62.69,shopping,app transfer
T02006,C0292,2026-03-06,-233.66,utilities,direct debit
T03293,C0278,2026-03-06,-10.13,shopping,app transfer
T05318,C0114,2026-03-06,2724.73,salary,online banking
T04827,C0107,2026-03-06,-1572.35,rent,direct debit
T04615,C0251,2026-03-07,-113.51,utilities,direct debit
T00878,C0179,2026-03-07,-208.1,shopping,online banking
T02690,C0075,2026-03-07,-78.91,restaurants,app transfer
T05316,C0226,2026-03-07,-228.71,shopping,direct debit
T03518,C0275,2026-03-07,-253.86,shopping,app transfer
T03928,C0096,2026-03-07,-52.34,groceries,direct debit
T05870,C0072,2026-03-07,-84.05,utilities,direct debit
T03595,C0177,2026-03-07,-188.21,utilities,direct debit
T04597,C0014,2026-03-07,-240.68,shopping,app transfer
T05102,C0088,2026-03-07,-102.17,insurance,direct debit
T03707,C0024,2026-03-07,-504.56,travel,online banking
T04914,C0094,2026-03-07,-214.31,utilities,direct debit
T05307,C0214,2026-03-07,-107.13,groceries,app transfer
T01210,C0077,2026-03-07,-276.88,shopping,direct debit
T02014,C0182,2026-03-07,-1032.2,rent,direct debit
T03016,C0060,2026-03-07,-45.27,restaurants,card
T04756,C0015,2026-03-07,-233.86,utilities,direct debit
T00581,C0183,2026-03-07,2687.5,salary,app transfer
T02531,C0012,2026-03-07,-74.89,restaurants,card
T02243,C0080,2026-03-07,-67.15,shopping,direct debit
T03345,C0254,2026-03-07,-51.34,insurance,card
T03977,C0202,2026-03-07,-213.39,utilities,direct debit
T01567,C0143,2026-03-07,2531.42,salary,online banking
T02411,C0127,2026-03-07,4239.12,salary,online banking
T04033,C0079,2026-03-08,-912.26,rent,direct debit
T01959,C0150,2026-03-08,-163.35,utilities,direct debit
T03226,C0117,2026-03-08,-770.16,rent,direct debit
T05838,C0037,2026-03-08,-1288.04,rent,direct debit
T05665,C0020,2026-03-08,-79.38,utilities,direct debit
T01280,C0235,2026-03-08,-174.89,insurance,card
T01377,C0074,2026-03-08,-74.0,restaurants,app transfer
T01732,C0210,2026-03-08,-1068.79,rent,direct debit
T05231,C0103,2026-03-08,-849.68,travel,online banking
T00080,C0283,2026-03-08,-117.91,insurance,card
T01198,C0167,2026-03-08,-53.82,insurance,card
T04428,C0192,2026-03-08,-28.08,groceries,direct debit
T03491,C0131,2026-03-08,2073.12,salary,app transfer
T03206,C0054,2026-03-08,-1517.62,rent,direct debit
T01417,C0106,2026-03-08,-1476.93,rent,direct debit
T01635,C0055,2026-03-08,-61.11,restaurants,card
T04069,C0080,2026-03-08,-163.0,insurance,online banking
T03599,C0116,2026-03-08,3888.08,salary,online banking
T02226,C0166,2026-03-09,-94.46,utilities,direct debit
T00872,C0239,2026-03-09,-19.25,restaurants,online banking
T01182,C0240,2026-03-09,4257.95,salary,online banking
T05291,C0067,2026-03-09,-108.2,insurance,online banking
T01180,C0190,2026-03-09,-1569.65,rent,direct debit
T00299,C0104,2026-03-09,-1488.04,rent,direct debit
T02013,C0038,2026-03-09,-482.81,travel,online banking
T00319,C0163,2026-03-09,3455.54,salary,online banking
T05061,C0125,2026-03-09,-46.82,restaurants,card
T00029,C0173,2026-03-09,-74.89,groceries,app transfer
T00913,C0130,2026-03-09,-250.16,shopping,direct debit
T05736,C0129,2026-03-09,-134.6,utilities,direct debit
T04846,C0038,2026-03-09,-534.95,travel,direct debit
T04346,C0206,2026-03-09,2125.76,salary,card
T05512,C0155,2026-03-09,-996.91,rent,direct debit
T01622,C0062,2026-03-09,-118.28,utilities,direct debit
T04753,C0272,2026-03-09,-834.24,travel,card
T00304,C0040,2026-03-09,-114.99,insurance,online banking
T02258,C0033,2026-03-09,-144.96,utilities,direct debit
T04792,C0072,2026-03-09,-62.74,travel,card
T00998,C0112,2026-03-09,-990.49,rent,direct debit
T00161,C0233,2026-03-09,-65.48,groceries,online banking
T03673,C0300,2026-03-09,-157.46,insurance,app transfer
T01668,C0023,2026-03-09,-35.81,groceries,card
T01819,C0146,2026-03-09,-154.66,insurance,online banking
T01236,C0240,2026-03-09,2115.43,salary,online banking
T03118,C0127,2026-03-10,-627.83,travel,direct debit
T02418,C0221,2026-03-10,-177.79,insurance,app transfer
T05927,C0135,2026-03-10,-518.71,travel,direct debit
T00308,C0196,2026-03-10,-591.76,travel,app transfer
T01595,C0188,2026-03-10,-52.07,restaurants,card
T02018,C0245,2026-03-10,-296.04,shopping,card
T01566,C0111,2026-03-10,-244.84,shopping,app transfer
T00106,C0221,2026-03-10,-80.83,restaurants,direct debit
T02400,C0204,2026-03-10,2012.6,salary,card
T03377,C0297,2026-03-10,-154.0,insurance,card
T04540,C0121,2026-03-10,-435.74,travel,app transfer
T01461,C0169,2026-03-10,-64.5,insurance,card
T04556,C0262,2026-03-10,-75.61,restaurants,card
T01454,C0199,2026-03-10,3603.47,salary,direct debit
T04097,C0051,2026-03-10,3867.63,salary,direct debit
T03189,C0051,2026-03-10,-96.84,groceries,online banking
T03553,C0123,2026-03-10,2555.55,salary,direct debit
T01105,C0221,2026-03-10,-69.99,insurance,online banking
T02996,C0111,2026-03-10,-84.8,insurance,direct debit
T00269,C0044,2026-03-10,-132.14,shopping,app transfer
T04444,C0096,2026-03-10,-44.08,groceries,app transfer
T05612,C0211,2026-03-10,-77.94,restaurants,card
T03547,C0198,2026-03-10,-413.1,travel,card
T04605,C0066,2026-03-10,-624.84,travel,app transfer
T05430,C0196,2026-03-10,-74.67,shopping,card
T03931,C0237,2026-03-10,-21.17,insurance,direct debit
T00899,C0224,2026-03-11,-33.55,insurance,online banking
T04714,C0009,2026-03-11,-128.35,shopping,online banking
T03677,C0055,2026-03-11,2397.28,salary,app transfer
T03347,C0229,2026-03-11,-397.74,shopping,online banking
T00766,C0067,2026-03-11,-1106.88,rent,direct debit
T02512,C0021,2026-03-11,-80.66,restaurants,online banking
T04717,C0163,2026-03-11,-364.37,shopping,card
T03697,C0005,2026-03-11,-33.57,utilities,direct debit
T00846,C0019,2026-03-11,-97.04,insurance,online banking
T05107,C0083,2026-03-11,4212.57,salary,card
T04819,C0126,2026-03-11,4091.84,salary,online banking
T04341,C0082,2026-03-11,-125.77,shopping,card
T05194,C0024,2026-03-11,-331.68,shopping,direct debit
T00988,C0144,2026-03-11,-20.44,groceries,online banking
T05179,C0141,2026-03-11,3013.71,salary,online banking
T01083,C0267,2026-03-11,-50.67,restaurants,direct debit
T05751,C0272,2026-03-11,-80.55,restaurants,card
T04583,C0020,2026-03-11,-154.29,utilities,direct debit
T03149,C0014,2026-03-11,1982.05,salary,card
T00275,C0249,2026-03-11,-29.85,groceries,online banking
T03378,C0231,2026-03-12,-108.98,shopping,app transfer
T01001,C0238,2026-03-12,-159.87,insurance,online banking
T03064,C0067,2026-03-12,-977.32,rent,direct debit
T04005,C0030,2026-03-12,-32.83,restaurants,card
T01061,C0007,2026-03-12,-485.63,travel,direct debit
T00035,C0103,2026-03-12,-790.78,travel,card
T00271,C0215,2026-03-12,-1196.07,rent,direct debit
T00498,C0005,2026-03-12,-82.3,groceries,app transfer
T02007,C0209,2026-03-12,-163.22,utilities,direct debit
T03833,C0042,2026-03-12,-66.0,insurance,direct debit
T00136,C0052,2026-03-12,-20.83,insurance,app transfer
T04066,C0242,2026-03-12,-95.29,groceries,card
T02033,C0045,2026-03-12,-397.3,shopping,card
T03295,C0224,2026-03-12,-118.32,groceries,online banking
T05453,C0204,2026-03-12,-201.81,utilities,direct debit
T05565,C0196,2026-03-12,-769.6,rent,direct debit
T02038,C0126,2026-03-12,-73.67,groceries,app transfer
T01796,C0168,2026-03-12,-32.61,groceries,app transfer
T05004,C0216,2026-03-12,-38.14,restaurants,direct debit
T01935,C0287,2026-03-12,2335.69,salary,online banking
T05750,C0036,2026-03-12,-770.12,rent,direct debit
T02918,C0290,2026-03-12,-30.04,restaurants,card
T02166,C0118,2026-03-12,-51.0,restaurants,card
T01831,C0088,2026-03-12,-237.55,shopping,card
T05999,C0174,2026-03-13,-105.38,travel,app transfer
T02828,C0022,2026-03-13,-246.42,travel,online banking
T00896,C0244,2026-03-13,-201.88,travel,online banking
T00218,C0197,2026-03-13,2365.66,salary,card
T02240,C0019,2026-03-13,-67.73,shopping,direct debit
T01404,C0192,2026-03-13,-72.68,groceries,app transfer
T02153,C0291,2026-03-13,-58.58,utilities,direct debit
T01894,C0046,2026-03-13,-1234.45,rent,direct debit
T04856,C0113,2026-03-13,-1456.27,rent,direct debit
T04788,C0165,2026-03-13,-52.98,restaurants,app transfer
T02134,C0143,2026-03-13,-525.93,travel,online banking
T05759,C0176,2026-03-13,-718.02,travel,app transfer
T00285,C0085,2026-03-13,-1395.61,rent,direct debit
T03009,C0014,2026-03-13,2457.39,salary,online banking
T03805,C0205,2026-03-13,-866.61,travel,card
T04688,C0236,2026-03-13,-70.35,restaurants,direct debit
T01510,C0206,2026-03-13,-24.11,insurance,card
T05673,C0168,2026-03-13,-48.94,restaurants,direct debit
T02280,C0182,2026-03-13,-1576.24,rent,direct debit
T04613,C0158,2026-03-13,-1475.13,rent,direct debit
T03266,C0221,2026-03-13,-62.62,travel,online banking
T02292,C0012,2026-03-13,-311.12,shopping,card
T00231,C0087,2026-03-13,-905.47,rent,direct debit
T04830,C0269,2026-03-13,-39.07,utilities,direct debit
T00887,C0112,2026-03-13,-81.21,restaurants,card
T03840,C0178,2026-03-13,-653.01,travel,direct debit
T01043,C0213,2026-03-13,-1443.74,rent,direct debit
T00176,C0029,2026-03-13,-140.86,utilities,direct debit
T03097,C0038,2026-03-13,-321.56,travel,online banking
T02325,C0024,2026-03-14,2211.98,salary,app transfer
T03404,C0284,2026-03-14,-157.39,shopping,online banking
T03846,C0183,2026-03-14,-95.46,utilities,direct debit
T02497,C0202,2026-03-14,-133.45,utilities,direct debit
T02369,C0228,2026-03-14,-177.89,utilities,direct debit
T02236,C0174,2026-03-14,-1517.33,rent,direct debit
T02565,C0149,2026-03-14,-57.62,insurance,online banking
T00382,C0181,2026-03-14,-71.07,groceries,app transfer
T01966,C0191,2026-03-14,-14.8,restaurants,app transfer
T00574,C0284,2026-03-14,-21.8,groceries,card
T00099,C0127,2026-03-14,-35.49,insurance,direct debit
T03423,C0296,2026-03-14,-22.15,groceries,direct debit
T03222,C0014,2026-03-14,-891.49,travel,card
T03702,C0219,2026-03-14,-144.14,insurance,direct debit
T00349,C0031,2026-03-14,-133.86,insurance,card
T04102,C0240,2026-03-14,-25.87,insurance,card
T03036,C0151,2026-03-14,-200.78,utilities,direct debit
T05257,C0005,2026-03-14,-108.18,utilities,direct debit
T05077,C0242,2026-03-14,-1235.99,rent,direct debit
T00959,C0019,2026-03-14,-50.13,restaurants,card
T00814,C0265,2026-03-14,-59.92,groceries,online banking
T00866,C0139,2026-03-14,1953.15,salary,direct debit
T05285,C0275,2026-03-14,-1046.53,rent,direct debit
T01068,C0066,2026-03-14,-181.37,utilities,direct debit
T02781,C0074,2026-03-14,-307.22,shopping,app transfer
T04905,C0143,2026-03-14,-206.38,travel,direct debit
T05010,C0058,2026-03-14,-30.64,restaurants,direct debit
T04646,C0266,2026-03-14,-58.32,utilities,direct debit
T00216,C0107,2026-03-15,-92.25,groceries,online banking
T05683,C0194,2026-03-15,2101.34,salary,online banking
T03060,C0211,2026-03-15,-28.05,insurance,direct debit
T04773,C0163,2026-03-15,-1071.95,rent,direct debit
T03156,C0252,2026-03-15,-1124.61,rent,direct debit
T03023,C0288,2026-03-15,-1240.12,rent,direct debit
T01144,C0112,2026-03-15,-751.47,rent,direct debit
T04842,C0057,2026-03-15,2290.26,salary,card
T03959,C0185,2026-03-15,-119.84,travel,online banking
T03178,C0284,2026-03-15,-82.02,utilities,direct debit
T04559,C0076,2026-03-15,-82.02,insurance,app transfer
T04024,C0091,2026-03-15,-391.6,shopping,online banking
T01696,C0061,2026-03-15,-364.62,travel,card
T04174,C0061,2026-03-15,-35.19,groceries,online banking
T01901,C0265,2026-03-15,-153.65,utilities,direct debit
T00068,C0016,2026-03-15,-769.86,travel,online banking
T03939,C0153,2026-03-15,-49.68,insurance,card
T05579,C0104,2026-03-15,-75.77,groceries,card
T00096,C0175,2026-03-15,-98.77,utilities,direct debit
T00178,C0155,2026-03-15,-246.85,utilities,direct debit
T01623,C0099,2026-03-16,-176.26,shopping,app transfer
T01075,C0047,2026-03-16,-102.74,groceries,direct debit
T02896,C0104,2026-03-16,-53.09,insurance,direct debit
T03304,C0254,2026-03-16,-112.25,shopping,card
T04385,C0103,2026-03-16,-75.24,restaurants,online banking
T05773,C0111,2026-03-16,-29.31,groceries,direct debit
T05383,C0122,2026-03-16,-501.31,travel,direct debit
T00822,C0084,2026-03-16,-193.83,travel,card
T05906,C0281,2026-03-16,-93.44,travel,app transfer
T05101,C0194,2026-03-16,-72.85,groceries,card
T00794,C0221,2026-03-16,-604.36,travel,app transfer
T02775,C0052,2026-03-16,-91.37,groceries,direct debit
T05342,C0144,2026-03-16,-148.58,travel,direct debit
T00772,C0227,2026-03-16,3310.75,salary,app transfer
T00830,C0019,2026-03-16,2194.66,salary,direct debit
T02399,C0135,2026-03-16,-1330.09,rent,direct debit
T00922,C0135,2026-03-16,-104.87,insurance,online banking
T01029,C0256,2026-03-16,-1550.4,rent,direct debit
T01358,C0299,2026-03-16,-67.49,shopping,direct debit
T00796,C0163,2026-03-16,-665.29,travel,direct debit
T00232,C0253,2026-03-16,-34.67,shopping,online banking
T03417,C0050,2026-03-16,-33.87,restaurants,online banking
T04082,C0153,2026-03-16,-1018.98,rent,direct debit
T02638,C0283,2026-03-16,3634.08,salary,direct debit
T01752,C0297,2026-03-16,-37.25,restaurants,direct debit
T03548,C0152,2026-03-17,-31.95,restaurants,online banking
T02103,C0047,2026-03-17,-61.53,utilities,direct debit
T01832,C0164,2026-03-17,-687.61,travel,online banking
T02766,C0223,2026-03-17,-128.99,utilities,direct debit
T01660,C0189,2026-03-17,-1507.06,rent,direct debit
T01487,C0015,2026-03-17,3794.41,salary,online banking
T01684,C0164,2026-03-17,-375.92,travel,online banking
T02511,C0059,2026-03-17,-230.02,utilities,direct debit
T02009,C0259,2026-03-17,-1197.21,rent,direct debit
T05568,C0171,2026-03-17,-48.41,restaurants,card
T05964,C0080,2026-03-17,-81.54,groceries,online banking
T03717,C0260,2026-03-17,-379.39,shopping,online banking
T02640,C0150,2026-03-17,2301.59,salary,online banking
T04356,C0024,2026-03-17,-637.71,travel,card
T05526,C0011,2026-03-17,-625.75,travel,card
T00008,C0180,2026-03-17,3862.07,salary,app transfer
T01023,C0025,2026-03-17,-147.72,shopping,online banking
T04299,C0235,2026-03-17,-65.83,groceries,direct debit
T03581,C0175,2026-03-17,-861.44,rent,direct debit
T00360,C0168,2026-03-17,-50.07,utilities,direct debit
T00387,C0012,2026-03-17,-73.7,groceries,app transfer
T05919,C0263,2026-03-17,-808.48,travel,card
T03045,C0184,2026-03-17,-1062.44,rent,direct debit
T04676,C0202,2026-03-17,-35.09,restaurants,online banking
T02416,C0245,2026-03-17,4327.8,salary,direct debit
T00670,C0075,2026-03-18,-134.06,utilities,direct debit
T00761,C0164,2026-03-18,-44.61,groceries,app transfer
T01681,C0218,2026-03-18,-808.08,travel,direct debit
T01187,C0097,2026-03-18,-14.11,groceries,app transfer
T00958,C0275,2026-03-18,-138.57,insurance,app transfer
T04977,C0177,2026-03-18,-1595.69,rent,direct debit
T05012,C0136,2026-03-18,-108.22,insurance,online banking
T00022,C0130,2026-03-18,-140.01,shopping,app transfer
T02557,C0196,2026-03-18,3421.57,salary,card
T03096,C0292,2026-03-18,-1345.87,rent,direct debit
T04609,C0168,2026-03-18,-61.58,restaurants,direct debit
T00850,C0034,2026-03-18,3742.76,salary,card
T03493,C0096,2026-03-18,-32.51,groceries,app transfer
T03108,C0278,2026-03-18,-1464.17,rent,direct debit
T05675,C0133,2026-03-18,-255.91,travel,online banking
T01721,C0083,2026-03-19,-276.13,shopping,card
T04339,C0165,2026-03-19,-164.18,insurance,online banking
T01917,C0090,2026-03-19,-39.45,restaurants,direct debit
T03743,C0022,2026-03-19,-160.11,utilities,direct debit
T00011,C0162,2026-03-19,3312.64,salary,online banking
T00789,C0116,2026-03-19,-143.3,shopping,online banking
T02723,C0122,2026-03-19,4438.02,salary,direct debit
T01186,C0252,2026-03-19,2999.68,salary,online banking
T02068,C0008,2026-03-19,-18.7,groceries,online banking
T03587,C0013,2026-03-19,-62.19,groceries,app transfer
T03536,C0084,2026-03-19,-1189.11,rent,direct debit
T04041,C0057,2026-03-19,-114.72,travel,online banking
T01254,C0126,2026-03-19,2466.34,salary,online banking
T02607,C0109,2026-03-19,-1159.42,rent,direct debit
T02306,C0219,2026-03-19,3801.1,salary,app transfer
T02081,C0173,2026-03-19,-24.24,shopping,online banking
T02558,C0089,2026-03-19,-1213.29,rent,direct debit
T04671,C0253,2026-03-19,-932.92,rent,direct debit
T02308,C0296,2026-03-20,3990.11,salary,app transfer
T01840,C0233,2026-03-20,-340.64,shopping,card
T00897,C0214,2026-03-20,3721.13,salary,app transfer
T00563,C0037,2026-03-20,-672.57,rent,direct debit
T05615,C0149,2026-03-20,-14.13,groceries,online banking
T00196,C0152,2026-03-20,-836.38,rent,direct debit
T03752,C0191,2026-03-20,-79.84,restaurants,online banking
T04422,C0230,2026-03-20,-305.53,shopping,online banking
T05880,C0053,2026-03-20,-810.42,rent,direct debit
T05127,C0112,2026-03-20,-66.74,shopping,direct debit
T00155,C0245,2026-03-20,-431.28,travel,direct debit
T05413,C0288,2026-03-20,3447.45,salary,card
T01475,C0154,2026-03-20,-55.12,restaurants,app transfer
T01780,C0006,2026-03-20,-676.43,rent,direct debit
T03593,C0180,2026-03-20,3101.14,salary,online banking
T01303,C0046,2026-03-20,-129.65,shopping,online banking
T04510,C0138,2026-03-20,-367.36,shopping,online banking
T00917,C0075,2026-03-20,-77.33,restaurants,online banking
T04349,C0246,2026-03-20,2454.22,salary,direct debit
T03019,C0198,2026-03-20,-84.71,groceries,card
T04276,C0062,2026-03-20,-86.99,insurance,direct debit
T03585,C0183,2026-03-20,-99.13,groceries,card
T04993,C0124,2026-03-20,4420.89,salary,online banking
T03739,C0184,2026-03-20,-55.08,travel,card
T00791,C0124,2026-03-20,-1055.14,rent,direct debit
T00486,C0243,2026-03-20,-90.14,shopping,card
T02601,C0120,2026-03-20,-239.97,utilities,direct debit
T01638,C0274,2026-03-20,-39.64,utilities,direct debit
T05981,C0057,2026-03-20,-102.11,groceries,direct debit
T00245,C0130,2026-03-20,-187.35,utilities,direct debit
T05726,C0125,2026-03-20,2162.46,salary,online banking
T05399,C0204,2026-03-21,-20.57,restaurants,direct debit
T00656,C0183,2026-03-21,-201.37,utilities,direct debit
T05245,C0090,2026-03-21,-713.73,rent,direct debit
T05047,C0118,2026-03-21,-45.08,insurance,app transfer
T04816,C0031,2026-03-21,-22.3,restaurants,card
T05542,C0062,2026-03-21,-69.57,groceries,direct debit
T05912,C0226,2026-03-21,-280.96,shopping,direct debit
T02501,C0140,2026-03-21,-591.46,travel,app transfer
T03715,C0093,2026-03-21,-36.7,restaurants,card
T02790,C0270,2026-03-21,2697.07,salary,direct debit
T05628,C0246,2026-03-21,-88.03,groceries,app transfer
T00773,C0192,2026-03-21,-196.7,utilities,direct debit
T01702,C0057,2026-03-21,-33.4,shopping,card
T05869,C0231,2026-03-21,-112.37,shopping,card
T02273,C0293,2026-03-21,-101.23,utilities,direct debit
T00728,C0272,2026-03-21,-47.05,restaurants,direct debit
T05724,C0219,2026-03-21,-116.49,shopping,online banking
T02597,C0203,2026-03-21,-1170.69,rent,direct debit
T03150,C0022,2026-03-21,-97.78,groceries,direct debit
T01063,C0112,2026-03-21,-51.26,restaurants,app transfer
T03780,C0259,2026-03-22,-212.97,travel,app transfer
T03685,C0209,2026-03-22,-235.21,utilities,direct debit
T04791,C0227,2026-03-22,-19.74,restaurants,direct debit
T05658,C0161,2026-03-22,-165.32,utilities,direct debit
T02983,C0200,2026-03-22,-148.32,shopping,direct debit
T02216,C0231,2026-03-22,-370.33,shopping,app transfer
T05268,C0160,2026-03-22,-128.4,travel,direct debit
T05292,C0104,2026-03-22,-24.33,groceries,card
T02938,C0044,2026-03-22,-28.52,restaurants,app transfer
T00298,C0064,2026-03-22,-57.42,groceries,card
T03837,C0254,2026-03-22,-88.1,insurance,direct debit
T05149,C0016,2026-03-22,-636.09,travel,app transfer
T01387,C0293,2026-03-22,-1538.72,rent,direct debit
T03010,C0088,2026-03-22,-237.15,utilities,direct debit
T04617,C0183,2026-03-22,2773.73,salary,online banking
T01705,C0217,2026-03-22,-89.8,utilities,direct debit
T01107,C0288,2026-03-22,-101.07,insurance,online banking
T01698,C0245,2026-03-22,-14.35,restaurants,direct debit
T03468,C0006,2026-03-22,-104.31,groceries,card
T04149,C0237,2026-03-22,-892.52,travel,online banking
T04478,C0052,2026-03-22,-658.0,travel,card
T02499,C0283,2026-03-22,2718.94,salary,online banking
T02328,C0213,2026-03-22,3368.05,salary,app transfer
T05688,C0119,2026-03-22,-36.56,restaurants,card
T02803,C0173,2026-03-23,-554.26,travel,online banking
T00439,C0264,2026-03-23,-15.35,groceries,online banking
T05816,C0191,2026-03-23,2615.05,salary,app transfer
T02744,C0047,2026-03-23,-50.32,utilities,direct debit
T04468,C0221,2026-03-23,-9.54,groceries,card
T04529,C0268,2026-03-23,-88.57,shopping,app transfer
T00595,C0229,2026-03-23,-194.06,travel,app transfer
T03878,C0255,2026-03-23,-1146.92,rent,direct debit
T04013,C0045,2026-03-23,-251.7,shopping,app transfer
T02979,C0153,2026-03-23,-669.67,rent,direct debit
T04011,C0160,2026-03-23,-1553.48,rent,direct debit
T02229,C0170,2026-03-23,-31.1,restaurants,card
T04125,C0131,2026-03-23,3321.9,salary,card
T02644,C0175,2026-03-23,-771.94,travel,app transfer
T02145,C0005,2026-03-23,3362.2,salary,direct debit
T02563,C0223,2026-03-23,-1112.98,rent,direct debit
T04185,C0003,2026-03-23,-81.9,groceries,direct debit
T04296,C0233,2026-03-23,-43.36,restaurants,app transfer
T00820,C0262,2026-03-23,-1009.74,rent,direct debit
T03603,C0259,2026-03-23,-76.72,restaurants,app transfer
T04890,C0145,2026-03-23,-373.59,travel,app transfer
T04745,C0180,2026-03-24,-22.92,restaurants,app transfer
T00680,C0041,2026-03-24,-38.8,restaurants,direct debit
T01153,C0108,2026-03-24,-367.2,shopping,direct debit
T00548,C0067,2026-03-24,-237.75,shopping,direct debit
T01156,C0052,2026-03-24,-1313.56,rent,direct debit
T02855,C0176,2026-03-24,-488.99,travel,app transfer
T00037,C0043,2026-03-24,-116.39,shopping,app transfer
T02085,C0007,2026-03-24,-487.15,travel,card
T04216,C0069,2026-03-24,-296.18,travel,online banking
T03083,C0008,2026-03-24,-61.85,restaurants,online banking
T01750,C0244,2026-03-24,-174.49,insurance,online banking
T03772,C0182,2026-03-24,-111.59,groceries,app transfer
T02847,C0213,2026-03-24,-363.32,shopping,app transfer
T04172,C0047,2026-03-24,-353.08,shopping,card
T01076,C0181,2026-03-24,2191.13,salary,app transfer
T05648,C0056,2026-03-24,-154.34,insurance,card
T03610,C0073,2026-03-24,-830.89,travel,card
T01317,C0024,2026-03-24,-298.28,shopping,card
T00537,C0137,2026-03-24,-246.38,utilities,direct debit
T01703,C0258,2026-03-24,-49.35,travel,online banking
T05443,C0116,2026-03-24,-51.36,groceries,direct debit
T02172,C0007,2026-03-24,-953.07,rent,direct debit
T04387,C0176,2026-03-25,-97.64,groceries,app transfer
T03862,C0194,2026-03-25,-114.8,insurance,online banking
T03142,C0206,2026-03-25,2096.5,salary,direct debit
T01483,C0290,2026-03-25,-834.52,rent,direct debit
T01056,C0183,2026-03-25,-85.48,travel,direct debit
T02588,C0146,2026-03-25,-113.84,insurance,direct debit
T00445,C0177,2026-03-25,2238.33,salary,direct debit
T00114,C0164,2026-03-25,3439.02,salary,direct debit
T00818,C0166,2026-03-25,-290.17,shopping,card
T03694,C0025,2026-03-25,4062.64,salary,direct debit
T02786,C0034,2026-03-25,-104.19,groceries,direct debit
T03072,C0041,2026-03-25,-12.04,restaurants,card
T04285,C0272,2026-03-25,-383.85,shopping,direct debit
T01279,C0214,2026-03-25,-43.1,insurance,app transfer
T00217,C0154,2026-03-25,-55.99,restaurants,online banking
T00673,C0051,2026-03-25,-707.03,rent,direct debit
T02509,C0078,2026-03-25,-397.06,travel,online banking
T04042,C0183,2026-03-25,-149.2,shopping,app transfer
T02269,C0254,2026-03-25,-48.61,insurance,online banking
T04309,C0153,2026-03-25,-605.56,travel,direct debit
T03634,C0038,2026-03-26,-123.8,utilities,direct debit
T04533,C0144,2026-03-26,-1086.28,rent,direct debit
T01469,C0160,2026-03-26,-135.47,insurance,app transfer
T04325,C0095,2026-03-26,-1563.18,rent,direct debit
T00967,C0190,2026-03-26,-417.25,travel,card
T04686,C0297,2026-03-26,-374.2,travel,direct debit
T03052,C0016,2026-03-26,-61.58,groceries,app transfer
T00851,C0193,2026-03-26,2958.35,salary,online banking
T05322,C0270,2026-03-26,-656.54,travel,card
T00406,C0221,2026-03-26,-76.02,groceries,online banking
T04897,C0032,2026-03-26,3636.17,salary,direct debit
T04838,C0082,2026-03-26,-914.75,rent,direct debit
T04446,C0133,2026-03-26,-417.79,travel,app transfer
T05704,C0049,2026-03-26,-956.01,rent,direct debit
T02092,C0070,2026-03-26,3084.18,salary,online banking
T00030,C0093,2026-03-26,-660.22,travel,card
T05242,C0142,2026-03-26,-66.71,restaurants,app transfer
T02808,C0021,2026-03-26,-81.64,restaurants,direct debit
T01430,C0231,2026-03-26,-890.13,rent,direct debit
T00510,C0254,2026-03-26,-31.98,insurance,online banking
T03031,C0299,2026-03-26,-167.11,shopping,online banking
T00086,C0156,2026-03-26,-179.29,travel,app transfer
T05961,C0114,2026-03-26,4293.79,salary,direct debit
T04406,C0061,2026-03-26,-14.57,groceries,app transfer
T02647,C0282,2026-03-26,-298.49,shopping,direct debit
T02090,C0191,2026-03-26,4117.9,salary,app transfer
T02643,C0277,2026-03-26,-162.36,insurance,direct debit
T01749,C0153,2026-03-26,3963.77,salary,online banking
T00502,C0216,2026-03-27,-38.09,insurance,card
T00745,C0054,2026-03-27,-1402.84,rent,direct debit
T02358,C0272,2026-03-27,-112.38,utilities,direct debit
T03883,C0012,2026-03-27,-101.34,groceries,online banking
T05011,C0141,2026-03-27,-52.92,groceries,app transfer
T05785,C0296,2026-03-27,-580.32,travel,app transfer
T02207,C0080,2026-03-27,-77.92,groceries,online banking
T01382,C0034,2026-03-27,-101.38,insurance,direct debit
T00396,C0164,2026-03-27,2782.3,salary,card
T03115,C0064,2026-03-27,-39.31,groceries,app transfer
T03198,C0296,2026-03-27,-710.13,travel,direct debit
T04727,C0173,2026-03-27,1804.48,salary,app transfer
T00920,C0027,2026-03-27,-48.19,restaurants,online banking
T03834,C0053,2026-03-27,-184.33,utilities,direct debit
T00718,C0008,2026-03-27,2355.15,salary,card
T05510,C0132,2026-03-27,-48.56,groceries,direct debit
T01501,C0056,2026-03-27,-32.77,insurance,card
T03803,C0006,2026-03-27,2710.22,salary,online banking
T00273,C0285,2026-03-27,-461.09,travel,app transfer
T05343,C0157,2026-03-27,-135.51,utilities,direct debit
T01226,C0060,2026-03-27,-109.07,groceries,online banking
T04154,C0233,2026-03-27,-515.55,travel,direct debit
T05419,C0136,2026-03-27,-37.14,restaurants,app transfer
T02858,C0109,2026-03-27,-830.64,rent,direct debit
T05499,C0209,2026-03-27,-40.19,groceries,app transfer
T03785,C0298,2026-03-27,4483.06,salary,card
T00333,C0256,2026-03-27,-49.18,groceries,direct debit
T03982,C0034,2026-03-27,-211.4,travel,online banking
T02755,C0070,2026-03-27,-695.93,rent,direct debit
T03511,C0241,2026-03-27,-132.64,insurance,card
T04681,C0242,2026-03-27,-94.8,groceries,card
T01445,C0050,2026-03-27,-189.28,utilities,direct debit
T05148,C0138,2026-03-28,-125.65,shopping,direct debit
T01495,C0004,2026-03-28,-328.39,shopping,card
T04961,C0167,2026-03-28,-827.9,rent,direct debit
T05313,C0287,2026-03-28,-239.16,utilities,direct debit
T05112,C0049,2026-03-28,-161.2,utilities,direct debit
T01302,C0051,2026-03-28,-34.26,restaurants,app transfer
T01313,C0192,2026-03-28,-712.54,travel,online banking
T04383,C0022,2026-03-28,-26.56,insurance,card
T04158,C0012,2026-03-28,-692.37,rent,direct debit
T04159,C0053,2026-03-29,-74.64,groceries,app transfer
T03869,C0148,2026-03-29,-263.71,shopping,online banking
T02274,C0203,2026-03-29,-217.52,utilities,direct debit
T00003,C0167,2026-03-29,-97.75,groceries,online banking
T01453,C0275,2026-03-29,-31.65,restaurants,card
T03871,C0225,2026-03-29,2985.19,salary,direct debit
T05287,C0206,2026-03-29,2743.96,salary,online banking
T03666,C0270,2026-03-29,-24.36,groceries,card
T03507,C0051,2026-03-29,-98.07,travel,card
T05850,C0207,2026-03-29,-139.01,insurance,app transfer
T02513,C0245,2026-03-29,-1378.78,rent,direct debit
T05356,C0022,2026-03-29,1850.99,salary,direct debit
T01859,C0123,2026-03-29,-132.89,shopping,card
T00990,C0081,2026-03-29,-235.47,shopping,app transfer
T00404,C0176,2026-03-29,-81.26,restaurants,app transfer
T00989,C0215,2026-03-29,-141.65,insurance,app transfer
T02553,C0117,2026-03-29,-39.39,utilities,direct debit
T03804,C0168,2026-03-29,-21.25,groceries,card
T03093,C0044,2026-03-29,-195.19,travel,direct debit
T05786,C0115,2026-03-29,-147.9,insurance,card
T03176,C0211,2026-03-29,-240.18,utilities,direct debit
T00821,C0023,2026-03-29,-1516.64,rent,direct debit
T03951,C0232,2026-03-29,-25.95,groceries,card
T04542,C0078,2026-03-29,-33.54,groceries,card
T05056,C0029,2026-03-29,2895.0,salary,online banking
T01862,C0040,2026-03-29,-274.89,shopping,card
T00009,C0102,2026-03-30,-244.94,shopping,card
T05739,C0013,2026-03-30,3448.54,salary,card
T03917,C0292,2026-03-30,-27.39,groceries,direct debit
T00422,C0230,2026-03-30,-86.03,restaurants,app transfer
T01239,C0067,2026-03-30,-51.92,insurance,online banking
T02218,C0238,2026-03-30,2654.95,salary,card
T02119,C0252,2026-03-30,-95.75,insurance,card
T02156,C0103,2026-03-30,-299.1,travel,card
T05610,C0119,2026-03-30,-1560.85,rent,direct debit
T02449,C0158,2026-03-30,-61.99,restaurants,card
T00449,C0068,2026-03-30,-116.18,insurance,card
T04483,C0154,2026-03-30,-152.27,insurance,app transfer
T04201,C0208,2026-03-30,-55.47,travel,direct debit
T05065,C0121,2026-03-30,4414.88,salary,app transfer
T02689,C0051,2026-03-30,-115.33,utilities,direct debit
T00018,C0259,2026-03-30,-15.05,restaurants,online banking
T00546,C0096,2026-03-30,-69.34,restaurants,card
T01449,C0166,2026-03-30,4459.51,salary,direct debit
T01888,C0160,2026-03-30,-229.92,shopping,direct debit
T02942,C0218,2026-03-30,-117.75,insurance,online banking
T00320,C0280,2026-03-30,2440.64,salary,card
T02433,C0036,2026-03-30,3991.1,salary,online banking
T02930,C0099,2026-03-30,-330.7,shopping,app transfer
T03940,C0110,2026-03-30,-173.49,shopping,card
T05378,C0069,2026-03-30,-76.38,insurance,direct debit
T05902,C0082,2026-03-30,-83.73,restaurants,card
T00430,C0020,2026-03-30,-64.07,insurance,app transfer
T03369,C0177,2026-03-30,-914.91,rent,direct debit
T05970,C0151,2026-03-31,-73.39,groceries,online banking
T05158,C0296,2026-03-31,-70.3,travel,app transfer
T05090,C0153,2026-03-31,-60.84,restaurants,card
T03854,C0181,2026-03-31,-49.43,restaurants,online banking
T00601,C0297,2026-03-31,-156.9,shopping,online banking
T04746,C0093,2026-03-31,-518.22,travel,direct debit
T04784,C0197,2026-03-31,-101.42,groceries,online banking
T02508,C0174,2026-03-31,-66.36,insurance,card
T03620,C0198,2026-03-31,-118.28,utilities,direct debit
T02937,C0273,2026-03-31,-84.66,groceries,online banking
T00259,C0265,2026-03-31,-151.42,utilities,direct debit
T00362,C0134,2026-03-31,-22.12,shopping,online banking
T00328,C0159,2026-03-31,-21.38,groceries,app transfer
T03185,C0096,2026-03-31,-57.3,groceries,app transfer
T04652,C0117,2026-03-31,-110.0,utilities,direct debit
T05035,C0284,2026-03-31,-715.47,travel,app transfer
T04297,C0282,2026-03-31,-1268.72,rent,direct debit
T01007,C0188,2026-03-31,2749.93,salary,card
T00915,C0190,2026-03-31,-61.8,insurance,app transfer
T02317,C0048,2026-03-31,-51.52,restaurants,card
T03479,C0173,2026-03-31,-241.17,utilities,direct debit
T01371,C0135,2026-03-31,-104.76,utilities,direct debit
T01986,C0117,2026-03-31,-166.34,travel,card
T01437,C0052,2026-04-01,-40.94,groceries,online banking
T03466,C0043,2026-04-01,-399.3,shopping,card
T03464,C0028,2026-04-01,-809.78,rent,direct debit
T00386,C0175,2026-04-01,-830.15,travel,direct debit
T05171,C0288,2026-04-01,-114.42,utilities,direct debit
T03578,C0144,2026-04-01,3331.05,salary,online banking
T00805,C0034,2026-04-01,-233.96,utilities,direct debit
T02853,C0181,2026-04-01,-42.25,restaurants,app transfer
T00444,C0229,2026-04-01,-173.68,insurance,online banking
T03938,C0094,2026-04-01,-112.1,utilities,direct debit
T01497,C0088,2026-04-01,-1005.92,rent,direct debit
T02532,C0039,2026-04-01,-112.15,utilities,direct debit
T04793,C0238,2026-04-01,-1509.91,rent,direct debit
T05939,C0015,2026-04-01,4468.08,salary,card
T05989,C0226,2026-04-01,-207.85,utilities,direct debit
T02975,C0133,2026-04-01,-223.52,shopping,online banking
T02435,C0192,2026-04-01,-806.64,travel,app transfer
T02516,C0036,2026-04-01,4135.65,salary,direct debit
T04794,C0124,2026-04-01,2070.41,salary,online banking
T00527,C0261,2026-04-01,-130.69,insurance,app transfer
T00140,C0214,2026-04-01,-843.17,travel,card
T00832,C0146,2026-04-01,-871.01,travel,direct debit
T02048,C0060,2026-04-01,-1091.5,rent,direct debit
T05823,C0279,2026-04-01,-84.3,insurance,app transfer
T02456,C0170,2026-04-01,-247.16,utilities,direct debit
T00977,C0255,2026-04-01,-45.56,insurance,card
T00617,C0050,2026-04-01,-449.25,travel,card
T01098,C0014,2026-04-02,-81.22,insurance,direct debit
T03771,C0168,2026-04-02,-38.26,groceries,app transfer
T00336,C0077,2026-04-02,-1534.6,rent,direct debit
T04135,C0300,2026-04-02,-71.18,utilities,direct debit
T05130,C0216,2026-04-02,-164.74,insurance,card
T01680,C0078,2026-04-02,-56.01,groceries,direct debit
T01439,C0184,2026-04-02,-54.67,insurance,card
T03807,C0010,2026-04-02,-38.3,groceries,direct debit
T00939,C0202,2026-04-02,-172.01,utilities,direct debit
T00938,C0136,2026-04-02,-181.82,shopping,online banking
T00870,C0201,2026-04-02,-1319.44,rent,direct debit
T03789,C0255,2026-04-02,2517.05,salary,card
T03612,C0095,2026-04-02,-671.46,travel,direct debit
T01215,C0237,2026-04-02,-73.32,restaurants,online banking
T00533,C0068,2026-04-02,3139.49,salary,direct debit
T02164,C0114,2026-04-02,-94.0,groceries,direct debit
T03873,C0027,2026-04-02,-23.19,restaurants,online banking
T00168,C0061,2026-04-02,1819.31,salary,online banking
T01181,C0298,2026-04-02,-37.15,groceries,online banking
T00743,C0292,2026-04-02,-152.85,utilities,direct debit
T00652,C0284,2026-04-02,-49.17,restaurants,direct debit
T04308,C0042,2026-04-02,-9.23,groceries,direct debit
T02397,C0287,2026-04-02,-165.21,shopping,card
T05366,C0278,2026-04-02,-212.81,shopping,app transfer
T00578,C0059,2026-04-03,-177.62,utilities,direct debit
T03962,C0243,2026-04-03,-80.13,insurance,card
T01738,C0044,2026-04-03,-69.08,restaurants,online banking
T00824,C0148,2026-04-03,-38.81,insurance,app transfer
T03338,C0151,2026-04-03,-868.42,travel,online banking
T05514,C0015,2026-04-03,-689.94,rent,direct debit
T00900,C0218,2026-04-03,-92.7,insurance,online banking
T05721,C0160,2026-04-03,-51.09,groceries,online banking
T05829,C0187,2026-04-03,-27.63,shopping,direct debit
T04690,C0057,2026-04-03,-62.08,restaurants,online banking
T03184,C0060,2026-04-03,-162.92,insurance,online banking
T01172,C0215,2026-04-03,-119.88,utilities,direct debit
T04972,C0139,2026-04-03,-213.91,shopping,online banking
T02309,C0158,2026-04-03,-52.2,utilities,direct debit
T01791,C0083,2026-04-03,-67.8,insurance,app transfer
T00242,C0280,2026-04-03,-179.98,utilities,direct debit
T05593,C0026,2026-04-03,-246.87,utilities,direct debit
T04622,C0073,2026-04-03,-105.35,insurance,app transfer
T01621,C0258,2026-04-03,-26.72,restaurants,app transfer
T05414,C0176,2026-04-03,-855.78,travel,online banking
T00972,C0020,2026-04-03,-656.79,travel,card
T02829,C0104,2026-04-03,-172.97,shopping,card
T04128,C0106,2026-04-03,-29.54,insurance,app transfer
T01127,C0281,2026-04-03,-160.94,insurance,app transfer
T03278,C0048,2026-04-03,-154.74,insurance,online banking
T01558,C0093,2026-04-03,-12.42,restaurants,online banking
T04179,C0068,2026-04-03,-42.85,restaurants,card
T01661,C0254,2026-04-03,-47.83,restaurants,app transfer
T01193,C0270,2026-04-03,-54.64,groceries,card
T00469,C0162,2026-04-03,-709.89,travel,online banking
T05098,C0177,2026-04-03,-70.25,restaurants,app transfer
T00839,C0253,2026-04-03,-161.39,insurance,app transfer
T04235,C0154,2026-04-04,-75.41,travel,app transfer
T00703,C0036,2026-04-04,-60.06,utilities,direct debit
T00875,C0201,2026-04-04,2611.04,salary,direct debit
T05359,C0198,2026-04-04,-398.44,travel,app transfer
T05298,C0089,2026-04-04,-37.36,groceries,online banking
T00055,C0246,2026-04-04,-149.84,insurance,card
T03736,C0132,2026-04-04,-83.56,insurance,app transfer
T03172,C0282,2026-04-04,-88.45,groceries,card
T04263,C0094,2026-04-04,-401.74,travel,online banking
T02268,C0058,2026-04-04,-98.01,insurance,direct debit
T03395,C0207,2026-04-04,-20.56,insurance,direct debit
T04448,C0123,2026-04-04,-58.65,travel,card
T02464,C0035,2026-04-04,-105.91,insurance,app transfer
T05979,C0223,2026-04-04,2622.48,salary,direct debit
T03852,C0267,2026-04-04,-123.97,utilities,direct debit
T00084,C0283,2026-04-04,-700.29,travel,app transfer
T03030,C0147,2026-04-04,-374.64,shopping,online banking
T00270,C0060,2026-04-04,-155.59,shopping,app transfer
T03264,C0224,2026-04-04,3930.47,salary,direct debit
T05898,C0196,2026-04-04,-68.79,restaurants,app transfer
T01287,C0111,2026-04-04,-329.46,shopping,online banking
T02355,C0259,2026-04-04,-43.01,restaurants,app transfer
T02303,C0038,2026-04-04,2750.83,salary,direct debit
T02514,C0226,2026-04-04,3292.2,salary,card
T03458,C0290,2026-04-04,-190.42,utilities,direct debit
T04072,C0004,2026-04-04,-74.26,restaurants,card
T05569,C0236,2026-04-05,-75.93,restaurants,online banking
T04802,C0012,2026-04-05,-87.38,groceries,direct debit
T00148,C0049,2026-04-05,-1582.6,rent,direct debit
T04798,C0004,2026-04-05,4091.7,salary,online banking
T04142,C0107,2026-04-05,-120.92,utilities,direct debit
T03566,C0175,2026-04-05,-71.31,restaurants,app transfer
T02541,C0227,2026-04-05,-64.85,groceries,card
T04790,C0201,2026-04-05,-1509.58,rent,direct debit
T04735,C0075,2026-04-05,-184.82,shopping,card
T01631,C0221,2026-04-05,-31.68,restaurants,online banking
T05279,C0062,2026-04-05,-243.08,shopping,card
T00933,C0290,2026-04-05,-1501.2,rent,direct debit
T05789,C0077,2026-04-05,4492.79,salary,app transfer
T05667,C0053,2026-04-05,-77.51,insurance,direct debit
T04648,C0067,2026-04-05,-176.26,utilities,direct debit
T02683,C0035,2026-04-05,-113.14,insurance,card
T01907,C0248,2026-04-05,-1429.26,rent,direct debit
T00683,C0086,2026-04-05,-1461.5,rent,direct debit
T02826,C0162,2026-04-05,-657.07,rent,direct debit
T02889,C0296,2026-04-05,-740.42,travel,card
T00829,C0026,2026-04-05,-62.62,utilities,direct debit
T01074,C0103,2026-04-05,-177.53,utilities,direct debit
T00141,C0254,2026-04-06,-1539.78,rent,direct debit
T03412,C0268,2026-04-06,-80.82,insurance,direct debit
T02984,C0022,2026-04-06,-167.28,shopping,app transfer
T02147,C0240,2026-04-06,-686.76,travel,online banking
T03594,C0014,2026-04-06,-535.03,travel,online banking
T02130,C0045,2026-04-06,-313.05,travel,card
T04111,C0231,2026-04-06,-517.3,travel,direct debit
T05498,C0089,2026-04-06,-1277.65,rent,direct debit
T03981,C0222,2026-04-06,-67.73,shopping,card
T01047,C0103,2026-04-06,-755.76,travel,direct debit
T02655,C0107,2026-04-06,-76.56,restaurants,card
T03301,C0175,2026-04-06,-117.87,groceries,card
T02985,C0175,2026-04-06,3706.65,salary,card
T05243,C0093,2026-04-06,-63.59,groceries,direct debit
T00261,C0095,2026-04-06,-1258.45,rent,direct debit
T04410,C0058,2026-04-06,-243.22,utilities,direct debit
T05994,C0279,2026-04-06,-109.22,insurance,online banking
T01782,C0184,2026-04-06,-58.36,insurance,app transfer
T04440,C0052,2026-04-06,-26.36,groceries,direct debit
T00664,C0133,2026-04-06,3018.88,salary,app transfer
T00073,C0014,2026-04-06,-50.93,restaurants,online banking
T01808,C0220,2026-04-06,3534.09,salary,card
T03500,C0290,2026-04-06,4263.14,salary,online banking
T00606,C0077,2026-04-06,-64.62,utilities,direct debit
T03337,C0083,2026-04-06,-762.49,rent,direct debit
T05762,C0085,2026-04-06,3654.84,salary,online banking
T02146,C0052,2026-04-06,2034.5,salary,direct debit
T02540,C0254,2026-04-06,-133.23,utilities,direct debit
T02347,C0177,2026-04-07,-120.59,insurance,online banking
T04968,C0248,2026-04-07,2956.53,salary,app transfer
T04601,C0286,2026-04-07,-44.42,restaurants,online banking
T04978,C0117,2026-04-07,-390.94,travel,app transfer
T05533,C0278,2026-04-07,-88.65,shopping,direct debit
T00798,C0078,2026-04-07,-51.64,shopping,app transfer
T01379,C0024,2026-04-07,-217.98,utilities,direct debit
T03911,C0020,2026-04-07,-64.2,restaurants,card
T03190,C0281,2026-04-07,-27.41,groceries,card
T01223,C0009,2026-04-07,-79.0,restaurants,app transfer
T01756,C0112,2026-04-07,-55.06,groceries,app transfer
T02543,C0039,2026-04-07,-26.59,restaurants,direct debit
T05831,C0055,2026-04-07,-73.25,restaurants,app transfer
T01842,C0205,2026-04-07,-45.1,utilities,direct debit
T04000,C0010,2026-04-07,-586.89,travel,card
T05948,C0048,2026-04-07,3856.44,salary,app transfer
T04866,C0059,2026-04-07,-24.3,groceries,direct debit
T03544,C0157,2026-04-07,-187.8,utilities,direct debit
T02883,C0296,2026-04-07,-202.13,shopping,app transfer
T03035,C0090,2026-04-08,-53.84,utilities,direct debit
T03735,C0161,2026-04-08,-73.47,restaurants,online banking
T01592,C0008,2026-04-08,-1515.34,rent,direct debit
T05800,C0002,2026-04-08,-177.33,utilities,direct debit
T02562,C0117,2026-04-08,-199.75,shopping,online banking
T00459,C0019,2026-04-08,-976.01,rent,direct debit
T01447,C0288,2026-04-08,2813.38,salary,online banking
T03075,C0063,2026-04-08,-857.34,rent,direct debit
T02113,C0110,2026-04-08,-1013.33,rent,direct debit
T04469,C0208,2026-04-08,-207.07,utilities,direct debit
T03597,C0117,2026-04-08,-162.98,insurance,app transfer
T01876,C0159,2026-04-08,-26.03,shopping,direct debit
T05219,C0182,2026-04-08,-423.67,travel,online banking
T02319,C0213,2026-04-08,3932.12,salary,card
T03472,C0227,2026-04-08,-77.87,restaurants,online banking
T05863,C0077,2026-04-08,-209.74,travel,direct debit
T00058,C0019,2026-04-08,-121.58,shopping,card
T01609,C0057,2026-04-08,-92.68,utilities,direct debit
T04358,C0021,2026-04-08,-67.72,insurance,app transfer
T03331,C0114,2026-04-09,2390.6,salary,card
T02529,C0134,2026-04-09,3180.16,salary,direct debit
T03050,C0129,2026-04-09,-72.62,restaurants,online banking
T00863,C0103,2026-04-09,3726.27,salary,direct debit
T03209,C0151,2026-04-09,-56.32,groceries,direct debit
T02823,C0201,2026-04-09,-336.77,travel,card
T00027,C0249,2026-04-09,3888.33,salary,app transfer
T01329,C0184,2026-04-09,-45.09,shopping,direct debit
T02097,C0008,2026-04-09,3758.63,salary,online banking
T05630,C0080,2026-04-09,-93.3,insurance,direct debit
T01636,C0098,2026-04-09,-86.92,groceries,card
T05466,C0014,2026-04-09,-25.23,insurance,online banking
T03941,C0019,2026-04-09,-42.21,groceries,online banking
T05875,C0038,2026-04-10,-173.06,shopping,direct debit
T01850,C0217,2026-04-10,-929.31,rent,direct debit
T04352,C0038,2026-04-10,-136.08,utilities,direct debit
T00976,C0028,2026-04-10,-53.94,shopping,app transfer
T03084,C0053,2026-04-10,-264.54,travel,online banking
T05387,C0061,2026-04-10,-170.11,shopping,app transfer
T02029,C0021,2026-04-10,-8.75,groceries,card
T05207,C0027,2026-04-10,-682.73,travel,app transfer
T04168,C0107,2026-04-10,-304.47,shopping,app transfer
T03486,C0112,2026-04-10,-530.44,travel,direct debit
T04640,C0095,2026-04-10,-14.07,groceries,online banking
T01058,C0264,2026-04-10,-71.78,restaurants,app transfer
T02784,C0292,2026-04-10,-1046.71,rent,direct debit
T03119,C0114,2026-04-10,-1168.87,rent,direct debit
T01516,C0151,2026-04-10,-1326.34,rent,direct debit
T01340,C0201,2026-04-10,-45.49,groceries,card
T03357,C0072,2026-04-10,-24.02,restaurants,online banking
T02495,C0098,2026-04-10,-238.56,utilities,direct debit
T01333,C0088,2026-04-10,-125.57,insurance,app transfer
T04305,C0216,2026-04-10,-618.37,travel,direct debit
T01372,C0092,2026-04-11,-34.73,utilities,direct debit
T02339,C0253,2026-04-11,-40.13,insurance,app transfer
T00544,C0189,2026-04-11,-200.75,utilities,direct debit
T03730,C0001,2026-04-11,-74.52,utilities,direct debit
T05052,C0192,2026-04-11,-16.41,restaurants,direct debit
T01768,C0059,2026-04-11,-1463.53,rent,direct debit
T02251,C0062,2026-04-11,-149.04,shopping,online banking
T04639,C0092,2026-04-11,-14.77,shopping,card
T04354,C0254,2026-04-11,-122.78,insurance,card
T00266,C0167,2026-04-11,3264.61,salary,direct debit
T05921,C0175,2026-04-11,-104.96,groceries,card
T02931,C0092,2026-04-11,-100.66,groceries,app transfer
T01361,C0177,2026-04-11,-1577.69,rent,direct debit
T05201,C0198,2026-04-11,-44.18,groceries,direct debit
T04974,C0073,2026-04-11,-10.02,groceries,card
T04229,C0060,2026-04-11,-189.31,shopping,online banking
T05867,C0162,2026-04-11,-800.69,rent,direct debit
T05776,C0293,2026-04-11,-116.26,insurance,direct debit
T05418,C0066,2026-04-11,-725.22,travel,app transfer
T03356,C0075,2026-04-11,2217.12,salary,card
T04423,C0068,2026-04-11,-47.57,groceries,card
T02114,C0006,2026-04-11,-420.19,travel,app transfer
T03117,C0202,2026-04-11,-42.46,insurance,direct debit
T04811,C0181,2026-04-11,-274.29,shopping,card
T00589,C0072,2026-04-11,-112.66,shopping,card
T02750,C0009,2026-04-11,-162.58,utilities,direct debit
T03571,C0136,2026-04-11,-35.75,groceries,app transfer
T04980,C0256,2026-04-11,-10.22,groceries,app transfer
T01478,C0241,2026-04-11,-173.06,travel,app transfer
T03200,C0030,2026-04-11,-230.56,utilities,direct debit
T03592,C0018,2026-04-12,-144.6,travel,online banking
T00713,C0018,2026-04-12,-131.38,utilities,direct debit
T03208,C0128,2026-04-12,-168.08,insurance,app transfer
T04990,C0260,2026-04-12,-316.75,shopping,app transfer
T03766,C0264,2026-04-12,-135.37,travel,card
T03652,C0241,2026-04-12,-38.28,utilities,direct debit
T01603,C0252,2026-04-12,-730.51,rent,direct debit
T00111,C0074,2026-04-12,2873.35,salary,online banking
T04242,C0089,2026-04-12,-102.51,insurance,direct debit
T05590,C0234,2026-04-12,3830.08,salary,card
T02444,C0230,2026-04-12,-291.94,travel,online banking
T05963,C0233,2026-04-12,-80.89,groceries,card
T03259,C0034,2026-04-12,-131.91,utilities,direct debit
T05801,C0141,2026-04-12,-896.36,travel,direct debit
T01815,C0164,2026-04-12,3967.77,salary,online banking
T05544,C0138,2026-04-12,-92.44,groceries,direct debit
T01800,C0089,2026-04-12,-277.95,shopping,direct debit
T01370,C0016,2026-04-12,-30.16,groceries,app transfer
T05401,C0181,2026-04-12,-203.93,utilities,direct debit
T01620,C0220,2026-04-12,-134.26,utilities,direct debit
T03068,C0100,2026-04-12,-27.81,restaurants,app transfer
T04195,C0196,2026-04-12,-173.86,insurance,app transfer
T04709,C0164,2026-04-12,-46.43,utilities,direct debit
T03696,C0082,2026-04-12,3957.19,salary,app transfer
T01129,C0268,2026-04-13,-48.8,groceries,app transfer
T02428,C0206,2026-04-13,-98.39,shopping,card
T01804,C0220,2026-04-13,-1188.78,rent,direct debit
T00238,C0165,2026-04-13,-196.81,shopping,app transfer
T02283,C0286,2026-04-13,2346.82,salary,online banking
T03560,C0172,2026-04-13,-150.59,shopping,app transfer
T04333,C0168,2026-04-13,-59.04,restaurants,app transfer
T02290,C0294,2026-04-13,-229.12,shopping,online banking
T02604,C0021,2026-04-13,-57.99,restaurants,app transfer
T02443,C0280,2026-04-13,-918.43,rent,direct debit
T00641,C0208,2026-04-13,-1141.86,rent,direct debit
T00654,C0256,2026-04-13,-81.67,utilities,direct debit
T04937,C0196,2026-04-13,-208.6,utilities,direct debit
T04408,C0081,2026-04-13,2428.04,salary,online banking
T05728,C0296,2026-04-13,-318.5,shopping,online banking
T00411,C0246,2026-04-13,-47.82,shopping,app transfer
T05224,C0180,2026-04-13,-67.69,insurance,card
T02844,C0280,2026-04-13,-52.22,travel,online banking
T00075,C0252,2026-04-13,-57.83,shopping,card
T01396,C0280,2026-04-13,-45.38,groceries,direct debit
T01930,C0116,2026-04-14,-299.44,shopping,online banking
T04055,C0030,2026-04-14,-26.27,groceries,app transfer
T02684,C0119,2026-04-14,-24.51,groceries,app transfer
T00793,C0298,2026-04-14,-781.83,travel,direct debit
T00424,C0223,2026-04-14,-89.79,restaurants,app transfer
T04935,C0206,2026-04-14,-68.91,restaurants,app transfer
T02831,C0257,2026-04-14,-53.77,insurance,direct debit
T02394,C0196,2026-04-14,-267.63,travel,online banking
T00355,C0039,2026-04-14,-59.94,utilities,direct debit
T03922,C0018,2026-04-14,-128.98,shopping,app transfer
T01714,C0283,2026-04-14,-170.45,utilities,direct debit
T00616,C0009,2026-04-14,-52.77,restaurants,online banking
T02281,C0010,2026-04-14,-91.36,shopping,direct debit
T00817,C0233,2026-04-14,-798.99,travel,card
T01442,C0194,2026-04-14,-112.03,groceries,direct debit
T04506,C0104,2026-04-14,-495.18,travel,online banking
T00490,C0268,2026-04-14,-149.59,shopping,online banking
T03194,C0021,2026-04-14,-9.94,groceries,direct debit
T04493,C0079,2026-04-14,-83.2,insurance,card
T01136,C0019,2026-04-14,-801.39,rent,direct debit
T03055,C0258,2026-04-14,-721.3,rent,direct debit
T00987,C0139,2026-04-14,3593.09,salary,card
T04027,C0256,2026-04-15,1897.1,salary,direct debit
T00122,C0212,2026-04-15,-392.92,travel,online banking
T02991,C0123,2026-04-15,-367.43,shopping,app transfer
T01570,C0074,2026-04-15,-717.03,rent,direct debit
T04713,C0060,2026-04-15,-160.3,insurance,card
T05088,C0218,2026-04-15,-136.4,insurance,card
T03748,C0100,2026-04-15,-68.46,restaurants,app transfer
T01460,C0193,2026-04-15,-592.15,travel,app transfer
T03299,C0084,2026-04-15,2570.22,salary,card
T03349,C0028,2026-04-15,-494.74,travel,app transfer
T03080,C0232,2026-04-15,-180.05,utilities,direct debit
T00190,C0125,2026-04-15,-83.46,insurance,app transfer
T03820,C0058,2026-04-15,-55.91,groceries,card
T02157,C0121,2026-04-15,-415.43,travel,app transfer
T01905,C0127,2026-04-15,-20.08,restaurants,card
T05346,C0005,2026-04-15,-86.65,shopping,direct debit
T04001,C0186,2026-04-15,-37.27,restaurants,app transfer
T03684,C0025,2026-04-15,3699.12,salary,app transfer
T03909,C0166,2026-04-15,-73.56,insurance,direct debit
T03154,C0268,2026-04-15,-78.94,groceries,online banking
T04596,C0288,2026-04-15,-280.66,shopping,online banking
T03380,C0068,2026-04-15,-334.34,shopping,app transfer
T01779,C0166,2026-04-15,-120.2,travel,card
T05836,C0060,2026-04-16,-213.22,travel,online banking
T05264,C0111,2026-04-16,-850.52,travel,card
T05306,C0038,2026-04-16,-115.66,utilities,direct debit
T01657,C0132,2026-04-16,-1426.0,rent,direct debit
T05494,C0021,2026-04-16,-111.12,insurance,online banking
T00655,C0136,2026-04-16,-80.43,utilities,direct debit
T01413,C0146,2026-04-16,-871.39,rent,direct debit
T04114,C0035,2026-04-16,-170.89,insurance,app transfer
T00315,C0155,2026-04-16,-65.99,groceries,app transfer
T04063,C0040,2026-04-16,-86.74,restaurants,direct debit
T05427,C0030,2026-04-16,-515.25,travel,card
T05783,C0083,2026-04-16,-91.12,shopping,card
T00889,C0101,2026-04-16,-129.04,insurance,direct debit
T01298,C0141,2026-04-16,-35.47,groceries,online banking
T03775,C0285,2026-04-16,-798.53,travel,online banking
T04687,C0208,2026-04-16,2023.67,salary,app transfer
T02056,C0275,2026-04-16,-710.41,travel,card
T05365,C0174,2026-04-16,-618.08,travel,online banking
T03658,C0212,2026-04-16,-88.25,insurance,app transfer
T02028,C0050,2026-04-16,-514.86,travel,app transfer
T01263,C0229,2026-04-16,-1493.2,rent,direct debit
T01367,C0193,2026-04-16,3419.16,salary,card
T05058,C0005,2026-04-16,-116.53,shopping,online banking
T04588,C0239,2026-04-17,-41.59,groceries,online banking
T05980,C0298,2026-04-17,-31.59,restaurants,app transfer
T02491,C0181,2026-04-17,-850.02,travel,online banking
T03913,C0215,2026-04-17,-87.56,insurance,card
T05117,C0059,2026-04-17,-80.02,groceries,card
T05797,C0089,2026-04-17,-1305.58,rent,direct debit
T05433,C0278,2026-04-17,-823.82,travel,card
T05896,C0300,2026-04-17,-85.63,utilities,direct debit
T01004,C0139,2026-04-17,-1398.31,rent,direct debit
T02971,C0209,2026-04-17,-34.92,groceries,online banking
T05517,C0213,2026-04-17,-1553.85,rent,direct debit
T01839,C0175,2026-04-17,-75.49,restaurants,direct debit
T05621,C0276,2026-04-17,-14.98,restaurants,online banking
T03001,C0095,2026-04-17,-99.88,groceries,card
T04934,C0144,2026-04-17,2275.47,salary,online banking
T02311,C0118,2026-04-17,3955.41,salary,app transfer
T01201,C0011,2026-04-17,-24.71,restaurants,online banking
T04680,C0255,2026-04-17,-61.09,groceries,online banking
T05204,C0044,2026-04-17,4495.86,salary,direct debit
T00714,C0267,2026-04-17,-48.88,restaurants,direct debit
T03885,C0217,2026-04-17,-859.96,rent,direct debit
T03563,C0221,2026-04-17,-82.66,restaurants,app transfer
T02140,C0148,2026-04-17,3576.11,salary,direct debit
T01044,C0074,2026-04-17,-35.65,restaurants,direct debit
T04231,C0217,2026-04-17,-96.48,groceries,direct debit
T05225,C0242,2026-04-17,2740.3,salary,app transfer
T01069,C0065,2026-04-18,-60.79,shopping,card
T02817,C0168,2026-04-18,-103.87,shopping,app transfer
T04516,C0057,2026-04-18,-151.41,shopping,direct debit
T01403,C0214,2026-04-18,-1066.75,rent,direct debit
T01009,C0245,2026-04-18,-70.75,restaurants,app transfer
T03160,C0148,2026-04-18,1935.8,salary,card
T02024,C0022,2026-04-18,-410.26,travel,direct debit
T03192,C0179,2026-04-18,-130.93,insurance,direct debit
T02327,C0032,2026-04-18,-105.03,groceries,direct debit
T00243,C0237,2026-04-18,-57.11,groceries,direct debit
T01494,C0138,2026-04-18,-839.81,travel,online banking
T03609,C0075,2026-04-18,-882.52,travel,app transfer
T00471,C0141,2026-04-18,-141.79,insurance,app transfer
T02082,C0138,2026-04-18,-92.56,groceries,online banking
T02139,C0276,2026-04-18,-894.63,travel,online banking
T03880,C0016,2026-04-18,-146.2,utilities,direct debit
T04057,C0007,2026-04-18,-41.36,groceries,online banking
T02141,C0263,2026-04-18,-32.14,restaurants,online banking
T01319,C0222,2026-04-18,-248.07,shopping,direct debit
T03813,C0001,2026-04-19,-13.14,groceries,direct debit
T02884,C0221,2026-04-19,-76.68,groceries,online banking
T03027,C0024,2026-04-19,-872.06,rent,direct debit
T01499,C0291,2026-04-19,-49.7,insurance,card
T00189,C0008,2026-04-19,-375.49,shopping,card
T00437,C0227,2026-04-19,-230.96,utilities,direct debit
T00957,C0061,2026-04-19,-1416.75,rent,direct debit
T05947,C0179,2026-04-19,-46.38,restaurants,card
T01767,C0216,2026-04-19,-96.92,shopping,online banking
T01218,C0096,2026-04-19,4000.26,salary,direct debit
T00842,C0287,2026-04-19,4469.5,salary,app transfer
T04860,C0105,2026-04-19,-123.03,utilities,direct debit
T05588,C0164,2026-04-19,-298.34,shopping,app transfer
T04442,C0246,2026-04-19,-716.08,travel,app transfer
T00295,C0220,2026-04-19,-138.84,utilities,direct debit
T01519,C0125,2026-04-19,-67.5,utilities,direct debit
T03384,C0296,2026-04-19,-26.79,groceries,card
T04949,C0179,2026-04-19,-83.53,groceries,app transfer
T01450,C0200,2026-04-19,-59.38,groceries,card
T01505,C0050,2026-04-19,-66.5,groceries,card
T05684,C0287,2026-04-19,-924.99,rent,direct debit
T03858,C0168,2026-04-19,-1530.25,rent,direct debit
T01996,C0055,2026-04-19,-98.5,groceries,direct debit
T05382,C0240,2026-04-20,2827.15,salary,direct debit
T00965,C0165,2026-04-20,-697.24,travel,app transfer
T03912,C0252,2026-04-20,-47.11,travel,app transfer
T03971,C0065,2026-04-20,-1090.43,rent,direct debit
T04786,C0123,2026-04-20,-32.82,groceries,app transfer
T00749,C0289,2026-04-20,-112.51,utilities,direct debit
T03441,C0212,2026-04-20,-158.43,insurance,online banking
T01081,C0218,2026-04-20,-1138.54,rent,direct debit
T03216,C0001,2026-04-20,-67.82,restaurants,direct debit
T02452,C0023,2026-04-20,4233.64,salary,app transfer
T05045,C0232,2026-04-20,-78.86,restaurants,card
T04873,C0039,2026-04-20,2249.18,salary,app transfer
T00310,C0180,2026-04-20,-120.49,insurance,app transfer
T05404,C0069,2026-04-20,-272.28,travel,card
T02506,C0078,2026-04-20,-97.66,utilities,direct debit
T03187,C0058,2026-04-20,-98.45,insurance,direct debit
T04627,C0163,2026-04-20,-30.16,insurance,card
T04653,C0060,2026-04-20,-800.41,rent,direct debit
T05645,C0170,2026-04-20,-878.22,rent,direct debit
T01121,C0039,2026-04-20,-65.98,insurance,card
T05978,C0070,2026-04-20,-44.44,restaurants,card
T04431,C0188,2026-04-20,-47.86,shopping,direct debit
T02842,C0255,2026-04-20,-67.82,groceries,direct debit
T01742,C0075,2026-04-20,-71.23,insurance,card
T01366,C0239,2026-04-20,-82.58,utilities,direct debit
T04075,C0070,2026-04-20,-222.79,utilities,direct debit
T04845,C0300,2026-04-21,-61.18,insurance,direct debit
T05140,C0106,2026-04-21,-87.11,restaurants,online banking
T05620,C0026,2026-04-21,-58.79,restaurants,online banking
T03706,C0015,2026-04-21,-89.59,utilities,direct debit
T04867,C0289,2026-04-21,-41.19,restaurants,card
T05206,C0025,2026-04-21,-81.97,insurance,online banking
T03942,C0196,2026-04-21,-15.92,restaurants,card
T05617,C0098,2026-04-21,-280.16,shopping,online banking
T03047,C0038,2026-04-21,-664.19,rent,direct debit
T05095,C0012,2026-04-21,-80.38,insurance,app transfer
T00044,C0132,2026-04-21,-101.52,groceries,online banking
T01722,C0119,2026-04-21,-74.98,restaurants,app transfer
T03933,C0052,2026-04-21,-72.23,shopping,direct debit
T04139,C0010,2026-04-21,-149.0,insurance,card
T04619,C0014,2026-04-21,-111.86,groceries,direct debit
T00741,C0040,2026-04-21,-384.63,shopping,card
T03134,C0055,2026-04-21,-190.37,utilities,direct debit
T05323,C0270,2026-04-22,-24.03,restaurants,direct debit
T05134,C0200,2026-04-22,2404.85,salary,app transfer
T00281,C0280,2026-04-22,-178.36,insurance,card
T04306,C0138,2026-04-22,-137.16,shopping,online banking
T04116,C0065,2026-04-22,2088.59,salary,online banking
T04265,C0169,2026-04-22,-1127.26,rent,direct debit
T04580,C0246,2026-04-22,2452.37,salary,app transfer
T01386,C0203,2026-04-22,-97.32,utilities,direct debit
T00311,C0227,2026-04-22,-732.35,rent,direct debit
T05479,C0225,2026-04-22,-339.04,shopping,card
T05780,C0007,2026-04-22,-133.68,insurance,online banking
T00532,C0284,2026-04-22,3957.6,salary,direct debit
T01813,C0270,2026-04-22,-52.64,utilities,direct debit
T01647,C0082,2026-04-22,-74.32,groceries,card
T02434,C0275,2026-04-22,-879.17,travel,card
T01428,C0035,2026-04-22,-364.41,shopping,online banking
T00188,C0097,2026-04-22,-49.39,restaurants,direct debit
T05491,C0035,2026-04-22,-1143.43,rent,direct debit
T02131,C0006,2026-04-22,-588.63,travel,online banking
T03174,C0227,2026-04-22,-233.67,utilities,direct debit
T03699,C0012,2026-04-23,-73.4,utilities,direct debit
T00613,C0088,2026-04-23,-152.86,insurance,app transfer
T00700,C0194,2026-04-23,-899.83,rent,direct debit
T00649,C0196,2026-04-23,-64.8,restaurants,app transfer
T00963,C0255,2026-04-23,-16.92,restaurants,app transfer
T04215,C0295,2026-04-23,-31.16,restaurants,app transfer
T03425,C0205,2026-04-23,-84.18,restaurants,direct debit
T03451,C0100,2026-04-23,-178.36,insurance,direct debit
T01655,C0183,2026-04-23,-89.81,groceries,direct debit
T05327,C0166,2026-04-23,-197.06,shopping,direct debit
T01365,C0254,2026-04-23,-111.03,groceries,app transfer
T04666,C0190,2026-04-23,-59.87,insurance,direct debit
T01853,C0057,2026-04-23,-55.34,utilities,direct debit
T05842,C0025,2026-04-23,-850.68,rent,direct debit
T00984,C0193,2026-04-23,-46.18,utilities,direct debit
T04236,C0287,2026-04-23,-183.67,shopping,direct debit
T02787,C0034,2026-04-23,-94.93,insurance,app transfer
T04148,C0056,2026-04-23,2506.97,salary,app transfer
T03524,C0077,2026-04-23,-342.43,shopping,app transfer
T01871,C0211,2026-04-23,-607.06,travel,app transfer
T05828,C0092,2026-04-23,-356.46,travel,direct debit
T01385,C0107,2026-04-23,-108.23,groceries,online banking
T01961,C0183,2026-04-23,-90.97,insurance,direct debit
T04693,C0169,2026-04-23,-162.02,utilities,direct debit
T00394,C0163,2026-04-24,-590.1,travel,card
T02993,C0203,2026-04-24,-74.92,restaurants,card
T04217,C0045,2026-04-24,-41.82,restaurants,card
T04249,C0151,2026-04-24,-47.54,restaurants,direct debit
T03123,C0114,2026-04-24,-976.16,rent,direct debit
T03228,C0004,2026-04-24,-643.03,travel,direct debit
T00577,C0095,2026-04-24,-570.52,travel,direct debit
T05211,C0101,2026-04-24,-358.87,travel,online banking
T05804,C0203,2026-04-24,-767.77,rent,direct debit
T04607,C0217,2026-04-24,-162.58,insurance,online banking
T00038,C0047,2026-04-24,-1425.87,rent,direct debit
T03662,C0150,2026-04-24,-129.88,shopping,direct debit
T02034,C0041,2026-04-24,2536.12,salary,direct debit
T00006,C0174,2026-04-24,-139.9,shopping,app transfer
T05632,C0015,2026-04-24,-40.94,utilities,direct debit
T04764,C0050,2026-04-24,-748.56,travel,online banking
T04455,C0104,2026-04-24,-21.7,restaurants,card
T04762,C0198,2026-04-24,-92.67,groceries,online banking
T00874,C0119,2026-04-25,-43.0,insurance,direct debit
T03124,C0053,2026-04-25,2176.78,salary,card
T04225,C0076,2026-04-25,-1289.63,rent,direct debit
T05856,C0260,2026-04-25,-167.51,insurance,online banking
T01736,C0038,2026-04-25,-1018.81,rent,direct debit
T01523,C0171,2026-04-25,-84.68,restaurants,card
T01695,C0108,2026-04-25,-42.29,utilities,direct debit
T01770,C0192,2026-04-25,-64.85,groceries,direct debit
T01902,C0070,2026-04-25,-163.21,insurance,app transfer
T00507,C0269,2026-04-25,-117.52,groceries,direct debit
T04512,C0277,2026-04-25,-11.4,groceries,direct debit
T05473,C0144,2026-04-25,-944.66,rent,direct debit
T00540,C0053,2026-04-25,-138.79,insurance,online banking
T01169,C0061,2026-04-25,-134.17,insurance,app transfer
T04673,C0101,2026-04-25,-957.78,rent,direct debit
T05495,C0193,2026-04-25,-467.42,travel,app transfer
T02903,C0156,2026-04-25,3286.77,salary,direct debit
T05700,C0009,2026-04-25,-809.44,rent,direct debit
T04520,C0256,2026-04-25,2952.8,salary,card
T02403,C0254,2026-04-25,-101.32,groceries,app transfer
T03863,C0159,2026-04-25,-28.37,restaurants,online banking
T05274,C0165,2026-04-25,-15.04,restaurants,card
T05252,C0086,2026-04-26,-95.71,groceries,online banking
T00183,C0124,2026-04-26,-68.12,insurance,app transfer
T04162,C0300,2026-04-26,-27.42,groceries,app transfer
T01537,C0108,2026-04-26,-642.35,travel,card
T04414,C0169,2026-04-26,-210.38,shopping,card
T02199,C0114,2026-04-26,-13.41,restaurants,direct debit
T02600,C0027,2026-04-26,-61.61,groceries,card
T00416,C0135,2026-04-26,-153.93,insurance,card
T03574,C0235,2026-04-26,-52.93,utilities,direct debit
T05586,C0293,2026-04-26,-252.57,shopping,direct debit
T05934,C0146,2026-04-26,-33.19,groceries,direct debit
T02359,C0085,2026-04-26,-77.77,restaurants,app transfer
T01605,C0129,2026-04-26,-444.8,travel,direct debit
T00643,C0142,2026-04-26,2862.82,salary,app transfer
T03723,C0019,2026-04-26,-243.32,shopping,direct debit
T04361,C0066,2026-04-26,-949.45,rent,direct debit
T04046,C0158,2026-04-26,-104.22,utilities,direct debit
T00447,C0114,2026-04-26,-179.09,utilities,direct debit
T03832,C0274,2026-04-26,-98.76,utilities,direct debit
T05097,C0206,2026-04-27,-181.82,utilities,direct debit
T05412,C0234,2026-04-27,-98.11,groceries,online banking
T02259,C0107,2026-04-27,-35.32,groceries,online banking
T04071,C0174,2026-04-27,-26.45,insurance,online banking
T02412,C0054,2026-04-27,2555.71,salary,app transfer
T03350,C0176,2026-04-27,-88.81,insurance,online banking
T02252,C0269,2026-04-27,-91.03,groceries,direct debit
T04750,C0060,2026-04-27,-79.68,insurance,card
T02859,C0035,2026-04-27,-153.52,insurance,online banking
T02392,C0276,2026-04-27,3645.36,salary,direct debit
T04594,C0051,2026-04-27,-317.22,shopping,direct debit
T00221,C0252,2026-04-27,-76.93,insurance,online banking
T04585,C0117,2026-04-27,-190.54,travel,card
T00481,C0010,2026-04-27,-863.11,rent,direct debit
T00693,C0247,2026-04-27,2327.29,salary,online banking
T03440,C0151,2026-04-27,2311.03,salary,app transfer
T02256,C0126,2026-04-27,-633.09,travel,online banking
T01400,C0204,2026-04-27,-235.16,travel,app transfer
T05543,C0122,2026-04-27,-646.33,travel,online banking
T02490,C0278,2026-04-27,-1588.11,rent,direct debit
T03320,C0032,2026-04-27,-1440.9,rent,direct debit
T05475,C0023,2026-04-27,-79.68,utilities,direct debit
T03040,C0159,2026-04-27,-144.4,utilities,direct debit
T02244,C0132,2026-04-27,-676.6,rent,direct debit
T00983,C0167,2026-04-27,-19.65,restaurants,online banking
T03453,C0163,2026-04-27,-369.06,travel,direct debit
T05167,C0265,2026-04-28,-381.39,shopping,direct debit
T02927,C0258,2026-04-28,-84.14,restaurants,direct debit
T05501,C0111,2026-04-28,-256.92,travel,online banking
T03100,C0018,2026-04-28,2711.75,salary,online banking
T02839,C0272,2026-04-28,-12.54,groceries,online banking
T00688,C0159,2026-04-28,-885.03,rent,direct debit
T03236,C0284,2026-04-28,-745.36,rent,direct debit
T02747,C0096,2026-04-28,-169.69,shopping,app transfer
T00668,C0295,2026-04-28,-740.2,travel,direct debit
T00615,C0036,2026-04-28,-80.51,insurance,app transfer
T04105,C0273,2026-04-28,-96.98,insurance,card
T05290,C0292,2026-04-28,4124.29,salary,direct debit
T00631,C0061,2026-04-28,-424.07,travel,app transfer
T02573,C0294,2026-04-28,2588.12,salary,app transfer
T05697,C0002,2026-04-28,-59.51,insurance,card
T02005,C0248,2026-04-28,3287.79,salary,online banking
T05193,C0296,2026-04-28,-1110.25,rent,direct debit
T01690,C0273,2026-04-28,-81.54,insurance,online banking
T04942,C0026,2026-04-28,-82.46,travel,direct debit
T02323,C0154,2026-04-28,-1599.72,rent,direct debit
T02044,C0154,2026-04-29,-792.53,travel,online banking
T03849,C0171,2026-04-29,-62.69,groceries,card
T02002,C0186,2026-04-29,-130.28,utilities,direct debit
T04697,C0116,2026-04-29,-89.88,utilities,direct debit
T01965,C0267,2026-04-29,-302.25,travel,app transfer
T04844,C0092,2026-04-29,-138.35,insurance,card
T01448,C0062,2026-04-29,-853.09,rent,direct debit
T02836,C0293,2026-04-29,-167.69,insurance,app transfer
T00799,C0137,2026-04-29,-74.79,groceries,app transfer
T01777,C0224,2026-04-29,-125.64,travel,app transfer
T04171,C0178,2026-04-29,-21.71,groceries,direct debit
T04661,C0242,2026-04-29,-346.34,travel,card
T05163,C0009,2026-04-29,-202.36,utilities,direct debit
T01924,C0166,2026-04-29,-177.01,insurance,app transfer
T05469,C0130,2026-04-29,-1372.73,rent,direct debit
T04398,C0187,2026-04-29,-117.34,groceries,app transfer
T03688,C0155,2026-04-29,-82.29,groceries,online banking
T03529,C0177,2026-04-29,-112.71,groceries,online banking
T02271,C0056,2026-04-29,-76.91,utilities,direct debit
T02021,C0050,2026-04-29,-125.97,shopping,direct debit
T04253,C0199,2026-04-30,-387.55,travel,card
T03540,C0197,2026-04-30,-86.45,groceries,app transfer
T00384,C0029,2026-04-30,-58.93,restaurants,card
T00622,C0245,2026-04-30,-364.93,shopping,card
T04807,C0070,2026-04-30,-48.23,utilities,direct debit
T02312,C0139,2026-04-30,-1539.49,rent,direct debit
T00032,C0230,2026-04-30,-218.26,shopping,direct debit
T03641,C0094,2026-04-30,4163.34,salary,card
T05026,C0218,2026-04-30,-17.39,groceries,online banking
T04507,C0263,2026-04-30,-101.69,groceries,online banking
T00723,C0250,2026-04-30,-312.4,travel,direct debit
T05701,C0180,2026-04-30,-170.45,insurance,card
T03353,C0286,2026-04-30,-51.27,restaurants,direct debit
T04582,C0225,2026-04-30,-129.84,travel,online banking
T05720,C0109,2026-04-30,-48.34,groceries,card
T02538,C0222,2026-04-30,-31.54,groceries,card
T01456,C0262,2026-04-30,-1128.25,rent,direct debit
T03461,C0053,2026-04-30,-19.17,groceries,card
T00707,C0005,2026-04-30,-34.43,insurance,card
T04133,C0296,2026-04-30,-680.76,rent,direct debit
T03617,C0054,2026-05-01,-12.46,shopping,direct debit
T04280,C0106,2026-05-01,-116.92,groceries,card
T00717,C0058,2026-05-01,-169.24,utilities,direct debit
T05864,C0007,2026-05-01,-362.63,shopping,online banking
T04956,C0210,2026-05-01,-125.14,utilities,direct debit
T05027,C0011,2026-05-01,-233.05,utilities,direct debit
T02083,C0161,2026-05-01,-71.49,insurance,online banking
T01691,C0045,2026-05-01,-109.58,utilities,direct debit
T05771,C0200,2026-05-01,-192.51,shopping,card
T01503,C0300,2026-05-01,-61.52,groceries,card
T03390,C0032,2026-05-01,-360.12,shopping,direct debit
T05578,C0239,2026-05-01,-167.05,shopping,card
T02043,C0195,2026-05-01,-258.71,shopping,online banking
T00492,C0170,2026-05-01,-20.44,insurance,card
T01271,C0174,2026-05-01,-148.86,insurance,app transfer
T03596,C0110,2026-05-01,4099.43,salary,app transfer
T03638,C0181,2026-05-02,-1448.63,rent,direct debit
T01151,C0063,2026-05-02,2184.35,salary,online banking
T01565,C0023,2026-05-02,-14.87,restaurants,app transfer
T02533,C0293,2026-05-02,-709.83,travel,card
T03513,C0174,2026-05-02,-61.62,groceries,app transfer
T05881,C0278,2026-05-02,-604.35,travel,card
T00031,C0187,2026-05-02,-1571.11,rent,direct debit
T03193,C0095,2026-05-02,2778.95,salary,online banking
T05437,C0056,2026-05-02,-1386.71,rent,direct debit
T04553,C0078,2026-05-02,-58.31,restaurants,card
T05613,C0222,2026-05-02,3646.95,salary,card
T03073,C0217,2026-05-02,-211.54,utilities,direct debit
T00045,C0148,2026-05-02,-35.49,restaurants,card
T04402,C0202,2026-05-02,-12.65,groceries,online banking
T03410,C0012,2026-05-02,-770.18,rent,direct debit
T01025,C0083,2026-05-02,-140.55,travel,direct debit
T01955,C0030,2026-05-02,-870.43,rent,direct debit
T03112,C0096,2026-05-02,-1000.25,rent,direct debit
T05534,C0073,2026-05-02,-130.21,insurance,app transfer
T03011,C0038,2026-05-03,-428.11,travel,direct debit
T02882,C0261,2026-05-03,-891.1,travel,card
T02850,C0002,2026-05-03,-17.15,restaurants,direct debit
T04720,C0037,2026-05-03,-151.9,utilities,direct debit
T03986,C0233,2026-05-03,-1214.06,rent,direct debit
T01307,C0104,2026-05-03,-92.24,groceries,app transfer
T00326,C0224,2026-05-03,-32.58,shopping,card
T01725,C0199,2026-05-03,-31.39,groceries,card
T05470,C0107,2026-05-03,3289.81,salary,direct debit
T04927,C0146,2026-05-03,-1421.7,rent,direct debit
T03568,C0058,2026-05-03,-51.65,travel,direct debit
T01375,C0234,2026-05-03,-154.16,shopping,direct debit
T00880,C0212,2026-05-03,-1239.83,rent,direct debit
T04364,C0248,2026-05-03,-86.96,restaurants,app transfer
T05220,C0015,2026-05-03,-195.72,shopping,online banking
T05218,C0147,2026-05-03,-376.97,shopping,direct debit
T05799,C0067,2026-05-04,-317.13,travel,app transfer
T04441,C0251,2026-05-04,-856.16,rent,direct debit
T02722,C0221,2026-05-04,-99.89,shopping,direct debit
T03171,C0196,2026-05-04,-136.73,insurance,online banking
T02995,C0102,2026-05-04,-74.45,groceries,app transfer
T00098,C0164,2026-05-04,-48.38,restaurants,direct debit
T04492,C0099,2026-05-04,-1572.51,rent,direct debit
T03556,C0018,2026-05-04,-47.06,utilities,direct debit
T01224,C0075,2026-05-04,-89.73,insurance,app transfer
T00173,C0009,2026-05-04,-845.78,rent,direct debit
T04779,C0095,2026-05-04,-300.14,shopping,direct debit
T01909,C0073,2026-05-04,-186.87,travel,app transfer
T03485,C0023,2026-05-04,-398.49,shopping,direct debit
T02756,C0068,2026-05-04,-781.05,travel,direct debit
T04604,C0202,2026-05-04,3749.71,salary,card
T04598,C0148,2026-05-04,-1572.54,rent,direct debit
T03373,C0165,2026-05-04,-80.09,groceries,card
T05377,C0135,2026-05-04,-268.65,shopping,direct debit
T02916,C0242,2026-05-04,3062.29,salary,online banking
T05500,C0099,2026-05-04,-41.41,utilities,direct debit
T00240,C0295,2026-05-05,-72.14,insurance,direct debit
T05431,C0268,2026-05-05,-87.35,shopping,direct debit
T01435,C0281,2026-05-05,-67.66,restaurants,online banking
T01356,C0096,2026-05-05,-42.03,insurance,card
T01836,C0181,2026-05-05,-63.44,restaurants,app transfer
T00230,C0287,2026-05-05,-56.61,restaurants,app transfer
T05872,C0300,2026-05-05,-87.56,groceries,direct debit
T05622,C0198,2026-05-05,-55.28,restaurants,card
T05982,C0246,2026-05-05,-174.55,shopping,direct debit
T03332,C0067,2026-05-05,-1464.19,rent,direct debit
T05123,C0029,2026-05-05,-195.73,shopping,app transfer
T02379,C0249,2026-05-05,-57.69,restaurants,app transfer
T00960,C0024,2026-05-05,-132.21,insurance,app transfer
T03480,C0178,2026-05-05,2044.88,salary,direct debit
T05248,C0231,2026-05-05,-93.15,shopping,card
T04758,C0169,2026-05-05,-127.5,shopping,direct debit
T01463,C0176,2026-05-05,3944.29,salary,card
T04915,C0133,2026-05-05,-88.76,restaurants,card
T03292,C0183,2026-05-05,-749.95,travel,online banking
T00609,C0012,2026-05-05,-690.99,rent,direct debit
T02193,C0264,2026-05-05,-280.76,shopping,card
T02802,C0147,2026-05-05,-164.33,utilities,direct debit
T00209,C0290,2026-05-05,-178.44,insurance,app transfer
T04429,C0108,2026-05-06,-58.08,restaurants,direct debit
T01699,C0041,2026-05-06,-106.28,travel,online banking
T01783,C0100,2026-05-06,-293.26,shopping,online banking
T04260,C0261,2026-05-06,-850.71,rent,direct debit
T00335,C0007,2026-05-06,-13.15,groceries,direct debit
T05357,C0112,2026-05-06,2175.58,salary,online banking
T04456,C0146,2026-05-06,-852.77,rent,direct debit
T02757,C0237,2026-05-06,-187.43,shopping,card
T02915,C0101,2026-05-06,-71.95,insurance,direct debit
T05215,C0199,2026-05-06,-851.15,travel,online banking
T02238,C0252,2026-05-06,-141.12,insurance,direct debit
T05676,C0037,2026-05-06,-221.03,utilities,direct debit
T05200,C0294,2026-05-06,-305.91,shopping,online banking
T02845,C0169,2026-05-06,-85.83,restaurants,card
T05145,C0211,2026-05-06,-28.7,groceries,app transfer
T05230,C0188,2026-05-06,-974.86,rent,direct debit
T05068,C0246,2026-05-06,-69.59,restaurants,card
T02402,C0021,2026-05-06,-107.68,insurance,direct debit
T03555,C0116,2026-05-06,-87.36,utilities,direct debit
T03615,C0246,2026-05-06,-44.67,utilities,direct debit
T04347,C0187,2026-05-06,-120.47,insurance,card
T01134,C0015,2026-05-06,-205.35,utilities,direct debit
T03897,C0291,2026-05-06,-848.54,rent,direct debit
T04611,C0109,2026-05-06,-708.1,travel,direct debit
T00197,C0195,2026-05-06,-139.85,utilities,direct debit
T01344,C0129,2026-05-07,4208.83,salary,app transfer
T00126,C0099,2026-05-07,-64.64,insurance,direct debit
T01488,C0131,2026-05-07,-557.85,travel,app transfer
T04350,C0159,2026-05-07,-97.09,groceries,direct debit
T00234,C0129,2026-05-07,2553.57,salary,online banking
T01273,C0267,2026-05-07,-749.97,rent,direct debit
T04664,C0190,2026-05-07,-790.21,travel,card
T04587,C0276,2026-05-07,-237.4,shopping,online banking
T01618,C0220,2026-05-07,-60.17,restaurants,app transfer
T04328,C0080,2026-05-07,-854.57,rent,direct debit
T02570,C0214,2026-05-07,3934.47,salary,direct debit
T03186,C0170,2026-05-07,-82.67,groceries,online banking
T02440,C0174,2026-05-07,-40.52,restaurants,app transfer
T03788,C0215,2026-05-07,3039.25,salary,direct debit
T04095,C0242,2026-05-07,3010.11,salary,direct debit
T05840,C0060,2026-05-07,-68.98,restaurants,online banking
T00379,C0052,2026-05-07,-604.9,travel,direct debit
T04163,C0099,2026-05-07,3943.02,salary,card
T00755,C0188,2026-05-08,-100.87,shopping,direct debit
T00100,C0215,2026-05-08,-1564.55,rent,direct debit
T00363,C0285,2026-05-08,-35.16,insurance,card
T01562,C0001,2026-05-08,-935.57,rent,direct debit
T03835,C0002,2026-05-08,-52.17,groceries,app transfer
T00374,C0270,2026-05-08,-168.77,utilities,direct debit
T02078,C0251,2026-05-08,-48.46,utilities,direct debit
T02222,C0167,2026-05-08,-26.64,groceries,online banking
T03669,C0052,2026-05-08,-71.5,shopping,card
T05806,C0005,2026-05-08,-90.47,shopping,card
T02267,C0273,2026-05-08,-143.05,shopping,direct debit
T02341,C0054,2026-05-08,-98.23,shopping,app transfer
T02422,C0100,2026-05-08,-882.61,travel,app transfer
T03313,C0276,2026-05-08,-1313.94,rent,direct debit
T00149,C0166,2026-05-08,-21.09,insurance,online banking
T03285,C0254,2026-05-08,-27.83,groceries,direct debit
T05680,C0063,2026-05-08,-271.12,shopping,online banking
T03686,C0018,2026-05-08,-207.62,travel,online banking
T00508,C0222,2026-05-08,-49.59,restaurants,online banking
T00476,C0003,2026-05-08,-33.34,groceries,direct debit
T01584,C0190,2026-05-08,-83.96,groceries,online banking
T00314,C0044,2026-05-08,-225.82,shopping,direct debit
T02794,C0113,2026-05-08,-132.16,utilities,direct debit
T01470,C0091,2026-05-08,-937.95,rent,direct debit
T00289,C0068,2026-05-08,-165.77,travel,direct debit
T00529,C0215,2026-05-08,-909.92,rent,direct debit
T04045,C0238,2026-05-08,-42.17,travel,online banking
T00699,C0203,2026-05-08,-805.11,rent,direct debit
T01597,C0174,2026-05-08,-76.87,restaurants,card
T05656,C0145,2026-05-08,-145.75,utilities,direct debit
T00711,C0099,2026-05-09,-742.84,travel,card
T01096,C0063,2026-05-09,-50.17,restaurants,app transfer
T02913,C0218,2026-05-09,-281.45,shopping,direct debit
T00543,C0007,2026-05-09,-30.75,groceries,online banking
T05960,C0037,2026-05-09,3392.03,salary,online banking
T01889,C0103,2026-05-09,-156.69,travel,app transfer
T00580,C0035,2026-05-09,-48.3,shopping,online banking
T02473,C0175,2026-05-09,-832.78,travel,direct debit
T05162,C0292,2026-05-09,-19.24,restaurants,card
T02924,C0048,2026-05-09,-73.71,restaurants,app transfer
T05133,C0107,2026-05-09,-36.83,restaurants,card
T02091,C0266,2026-05-09,3225.3,salary,app transfer
T00684,C0121,2026-05-09,-848.78,travel,card
T04522,C0087,2026-05-09,-38.27,groceries,card
T04332,C0268,2026-05-09,-108.26,groceries,app transfer
T00672,C0154,2026-05-09,-109.94,insurance,card
T04003,C0295,2026-05-09,-919.21,rent,direct debit
T03926,C0008,2026-05-09,-35.09,insurance,card
T01926,C0032,2026-05-09,-20.93,restaurants,card
T01883,C0026,2026-05-09,-23.42,groceries,direct debit
T05284,C0082,2026-05-09,-155.24,travel,card
T05376,C0171,2026-05-10,-48.06,restaurants,app transfer
T03954,C0013,2026-05-10,-36.66,restaurants,direct debit
T05507,C0136,2026-05-10,-1154.51,rent,direct debit
T03496,C0262,2026-05-10,-880.83,rent,direct debit
T04987,C0156,2026-05-10,1962.69,salary,app transfer
T03629,C0010,2026-05-10,-185.11,travel,app transfer
T00207,C0270,2026-05-10,-209.35,utilities,direct debit
T04143,C0094,2026-05-10,-166.69,insurance,online banking
T05460,C0174,2026-05-10,-157.18,shopping,app transfer
T04291,C0195,2026-05-10,-80.83,restaurants,app transfer
T03611,C0150,2026-05-10,-89.78,restaurants,direct debit
T00825,C0002,2026-05-10,-32.69,utilities,direct debit
T02461,C0250,2026-05-10,-162.03,utilities,direct debit
T02712,C0037,2026-05-10,-58.53,shopping,online banking
T02387,C0234,2026-05-10,-48.16,groceries,direct debit
T02615,C0291,2026-05-10,-77.7,utilities,direct debit
T02417,C0142,2026-05-10,-85.89,restaurants,card
T02663,C0244,2026-05-10,-54.41,restaurants,card
T01639,C0215,2026-05-10,-226.15,utilities,direct debit
T01745,C0139,2026-05-10,-1253.9,rent,direct debit
T02520,C0187,2026-05-10,-205.14,travel,direct debit
T05971,C0247,2026-05-10,-65.21,restaurants,app transfer
T02768,C0225,2026-05-10,-137.09,utilities,direct debit
T03726,C0199,2026-05-11,-59.96,insurance,online banking
T01214,C0182,2026-05-11,-238.37,shopping,card
T00163,C0203,2026-05-11,-99.44,groceries,app transfer
T02887,C0216,2026-05-11,-62.57,restaurants,online banking
T05825,C0011,2026-05-11,-229.86,utilities,direct debit
T04503,C0181,2026-05-11,-958.84,rent,direct debit
T04887,C0098,2026-05-11,3537.35,salary,card
T04985,C0254,2026-05-11,-697.21,rent,direct debit
T05169,C0224,2026-05-11,-1345.07,rent,direct debit
T05634,C0053,2026-05-11,3563.97,salary,direct debit
T02320,C0245,2026-05-11,3126.41,salary,online banking
T02838,C0297,2026-05-11,-116.86,utilities,direct debit
T05319,C0005,2026-05-11,-158.33,insurance,online banking
T01200,C0205,2026-05-11,-25.88,restaurants,online banking
T04621,C0148,2026-05-11,-351.25,shopping,online banking
T05036,C0127,2026-05-11,-22.34,restaurants,direct debit
T01568,C0282,2026-05-11,-32.33,restaurants,app transfer
T02785,C0219,2026-05-11,-891.77,travel,app transfer
T00185,C0125,2026-05-11,-843.17,rent,direct debit
T01152,C0202,2026-05-11,-41.7,groceries,app transfer
T03937,C0200,2026-05-11,-784.37,travel,online banking
T00398,C0180,2026-05-12,-73.39,restaurants,card
T01560,C0045,2026-05-12,-772.25,travel,card
T05883,C0003,2026-05-12,-111.62,utilities,direct debit
T04504,C0090,2026-05-12,-780.95,travel,direct debit
T04477,C0114,2026-05-12,-808.14,travel,card
T05071,C0042,2026-05-12,-640.92,travel,card
T02793,C0154,2026-05-12,-19.93,groceries,app transfer
T02488,C0199,2026-05-12,-798.47,travel,direct debit
T03650,C0018,2026-05-12,-1465.01,rent,direct debit
T01730,C0243,2026-05-12,-307.63,shopping,online banking
T03442,C0068,2026-05-12,3746.62,salary,online banking
T00646,C0263,2026-05-12,-80.34,restaurants,direct debit
T01989,C0133,2026-05-12,-9.81,groceries,direct debit
T03864,C0295,2026-05-12,-804.25,travel,online banking
T00494,C0052,2026-05-12,-62.26,restaurants,online banking
T04644,C0039,2026-05-12,3636.65,salary,app transfer
T01355,C0261,2026-05-12,-345.64,travel,online banking
T00131,C0227,2026-05-12,2482.19,salary,app transfer
T05444,C0206,2026-05-12,2840.15,salary,online banking
T05023,C0218,2026-05-12,-799.35,travel,app transfer
T04074,C0087,2026-05-12,-82.94,groceries,direct debit
T05796,C0276,2026-05-12,-286.9,shopping,app transfer
T04947,C0235,2026-05-12,-309.95,shopping,card
T04122,C0220,2026-05-12,-144.24,insurance,direct debit
T05853,C0016,2026-05-13,-887.01,rent,direct debit
T03221,C0014,2026-05-13,-237.13,utilities,direct debit
T04707,C0103,2026-05-13,-51.15,restaurants,direct debit
T02846,C0067,2026-05-13,-25.18,restaurants,direct debit
T02458,C0127,2026-05-13,-798.47,travel,online banking
T01137,C0015,2026-05-13,-719.12,travel,direct debit
T01525,C0115,2026-05-13,-55.45,utilities,direct debit
T03682,C0097,2026-05-13,-281.35,shopping,online banking
T05554,C0088,2026-05-13,-67.53,insurance,direct debit
T01244,C0250,2026-05-13,-248.61,utilities,direct debit
T02136,C0152,2026-05-13,-639.9,travel,direct debit
T00458,C0152,2026-05-13,-165.11,insurance,online banking
T00611,C0086,2026-05-13,-111.31,groceries,online banking
T01500,C0099,2026-05-13,-885.33,travel,online banking
T01582,C0066,2026-05-13,-21.52,insurance,app transfer
T05182,C0231,2026-05-13,-1084.14,rent,direct debit
T01704,C0284,2026-05-13,-167.06,insurance,direct debit
T03283,C0061,2026-05-13,-229.04,utilities,direct debit
T04061,C0260,2026-05-13,-19.03,groceries,direct debit
T05570,C0034,2026-05-13,-201.62,shopping,direct debit
T04084,C0268,2026-05-13,-107.99,groceries,app transfer
T02295,C0102,2026-05-13,3810.53,salary,card
T02789,C0241,2026-05-13,2941.98,salary,direct debit
T03705,C0119,2026-05-13,-741.82,travel,app transfer
T04023,C0115,2026-05-13,3657.45,salary,card
T04028,C0077,2026-05-13,-57.58,insurance,online banking
T03607,C0274,2026-05-13,-313.95,shopping,online banking
T02950,C0133,2026-05-14,-37.9,restaurants,app transfer
T01022,C0088,2026-05-14,-98.44,shopping,direct debit
T00591,C0019,2026-05-14,-149.56,utilities,direct debit
T04708,C0284,2026-05-14,-356.38,shopping,card
T01026,C0226,2026-05-14,-357.92,travel,app transfer
T03370,C0185,2026-05-14,-112.14,shopping,card
T05930,C0285,2026-05-14,-55.38,restaurants,online banking
T00074,C0135,2026-05-14,-66.91,restaurants,app transfer
T02960,C0150,2026-05-14,-72.12,shopping,app transfer
T02291,C0168,2026-05-14,-152.47,utilities,direct debit
T05727,C0048,2026-05-14,-132.21,insurance,app transfer
T00910,C0156,2026-05-14,-14.88,groceries,online banking
T02943,C0162,2026-05-14,-246.45,shopping,card
T05132,C0120,2026-05-14,-990.11,rent,direct debit
T05761,C0237,2026-05-14,-163.1,utilities,direct debit
T03848,C0103,2026-05-14,-66.3,insurance,app transfer
T03681,C0036,2026-05-14,-185.28,utilities,direct debit
T02584,C0153,2026-05-14,-30.87,groceries,direct debit
T04837,C0211,2026-05-14,-104.63,insurance,direct debit
T01188,C0241,2026-05-14,-26.32,groceries,online banking
T00353,C0150,2026-05-14,-217.2,utilities,direct debit
T00687,C0054,2026-05-15,-60.21,restaurants,card
T03810,C0243,2026-05-15,-213.35,utilities,direct debit
T00635,C0033,2026-05-15,-29.3,restaurants,card
T04618,C0193,2026-05-15,-149.9,insurance,direct debit
T04470,C0207,2026-05-15,1946.17,salary,card
T02011,C0215,2026-05-15,-71.71,restaurants,online banking
T02389,C0235,2026-05-15,2424.75,salary,app transfer
T05733,C0190,2026-05-15,-116.49,utilities,direct debit
T05685,C0113,2026-05-15,-16.79,groceries,card
T03692,C0239,2026-05-15,-26.69,restaurants,card
T04569,C0144,2026-05-15,-27.44,shopping,direct debit
T02276,C0118,2026-05-15,-194.07,shopping,direct debit
T05251,C0168,2026-05-15,-92.05,utilities,direct debit
T04009,C0255,2026-05-15,-65.73,restaurants,app transfer
T03255,C0011,2026-05-15,-73.58,groceries,card
T03126,C0266,2026-05-15,-173.0,insurance,direct debit
T02522,C0157,2026-05-15,-128.76,utilities,direct debit
T05650,C0074,2026-05-15,-63.85,restaurants,app transfer
T02542,C0102,2026-05-15,-163.75,travel,app transfer
T01835,C0048,2026-05-16,-198.56,utilities,direct debit
T00614,C0262,2026-05-16,-184.24,travel,direct debit
T00597,C0033,2026-05-16,-111.28,utilities,direct debit
T05008,C0238,2026-05-16,-703.73,travel,app transfer
T00118,C0243,2026-05-16,-116.31,groceries,app transfer
T04430,C0291,2026-05-16,-29.06,insurance,online banking
T05415,C0242,2026-05-16,-185.66,utilities,direct debit
T00408,C0284,2026-05-16,-1277.57,rent,direct debit
T04700,C0024,2026-05-16,-44.56,shopping,card
T05477,C0256,2026-05-16,1814.73,salary,direct debit
T02237,C0108,2026-05-16,-35.54,insurance,card
T03687,C0094,2026-05-16,-168.57,shopping,card
T05572,C0268,2026-05-17,-21.82,restaurants,app transfer
T02715,C0102,2026-05-17,-698.44,rent,direct debit
T01245,C0024,2026-05-17,2079.94,salary,card
T03418,C0224,2026-05-17,-192.24,travel,app transfer
T01854,C0295,2026-05-17,-34.74,groceries,card
T00740,C0030,2026-05-17,3071.64,salary,card
T01010,C0181,2026-05-17,3140.37,salary,online banking
T04576,C0155,2026-05-17,-108.58,utilities,direct debit
T03877,C0051,2026-05-17,2354.03,salary,app transfer
T00681,C0150,2026-05-17,2865.46,salary,online banking
T03137,C0009,2026-05-17,-114.71,groceries,app transfer
T03169,C0186,2026-05-17,-198.7,shopping,online banking
T01504,C0032,2026-05-17,-92.2,groceries,card
T00150,C0229,2026-05-17,-239.89,utilities,direct debit
T05258,C0101,2026-05-17,2068.1,salary,online banking
T04312,C0283,2026-05-17,-530.09,travel,online banking
T02198,C0141,2026-05-17,-437.7,travel,direct debit
T05280,C0209,2026-05-17,-333.47,travel,card
T01506,C0267,2026-05-17,-1535.52,rent,direct debit
T03263,C0246,2026-05-17,-59.72,insurance,app transfer
T03282,C0026,2026-05-17,-26.9,insurance,direct debit
T02811,C0056,2026-05-17,-114.94,insurance,card
T02257,C0021,2026-05-17,-514.7,travel,card
T01673,C0029,2026-05-17,-168.05,utilities,direct debit
T02719,C0056,2026-05-18,-59.69,shopping,card
T00436,C0165,2026-05-18,-136.61,insurance,card
T00653,C0294,2026-05-18,-70.21,utilities,direct debit
T04365,C0041,2026-05-18,3550.48,salary,app transfer
T04999,C0273,2026-05-18,-384.77,travel,app transfer
T03116,C0192,2026-05-18,3821.74,salary,online banking
T02703,C0129,2026-05-18,-84.86,restaurants,direct debit
T01658,C0167,2026-05-18,-74.86,utilities,direct debit
T04892,C0170,2026-05-18,-84.46,restaurants,online banking
T04177,C0094,2026-05-18,-1258.87,rent,direct debit
T04513,C0109,2026-05-18,-64.1,restaurants,card
T04137,C0204,2026-05-18,-466.09,travel,card
T02054,C0028,2026-05-18,-199.35,shopping,app transfer
T01715,C0124,2026-05-18,-17.52,groceries,card
T04491,C0228,2026-05-18,-1189.0,rent,direct debit
T03098,C0021,2026-05-18,-57.64,insurance,direct debit
T04859,C0258,2026-05-18,-59.34,shopping,direct debit
T04453,C0169,2026-05-18,-65.82,restaurants,app transfer
T02977,C0205,2026-05-18,-30.89,restaurants,card
T05567,C0044,2026-05-18,-111.37,groceries,card
T05529,C0029,2026-05-18,-43.65,restaurants,app transfer
T02907,C0057,2026-05-18,-660.27,travel,direct debit
T00132,C0276,2026-05-19,-235.27,utilities,direct debit
T05928,C0192,2026-05-19,-48.31,utilities,direct debit
T03061,C0144,2026-05-19,-33.7,utilities,direct debit
T04854,C0029,2026-05-19,-312.32,travel,online banking
T01884,C0045,2026-05-19,-162.67,travel,app transfer
T03821,C0119,2026-05-19,-110.92,groceries,direct debit
T02904,C0200,2026-05-19,-45.67,insurance,app transfer
T04186,C0071,2026-05-19,4335.07,salary,app transfer
T01651,C0069,2026-05-19,-350.62,shopping,card
T03665,C0116,2026-05-19,-352.06,shopping,direct debit
T05380,C0176,2026-05-19,-172.59,utilities,direct debit
T04289,C0193,2026-05-19,-1280.16,rent,direct debit
T02066,C0068,2026-05-19,-1468.88,rent,direct debit
T01574,C0040,2026-05-19,-57.42,utilities,direct debit
T00338,C0164,2026-05-19,-1434.7,rent,direct debit
T00925,C0172,2026-05-19,-114.16,shopping,card
T05397,C0294,2026-05-19,-111.94,insurance,online banking
T01947,C0067,2026-05-19,-135.73,insurance,card
T03966,C0069,2026-05-19,-114.18,groceries,direct debit
T04490,C0295,2026-05-19,-82.63,insurance,direct debit
T03914,C0133,2026-05-19,-186.78,shopping,app transfer
T05910,C0071,2026-05-19,3174.11,salary,card
T01471,C0104,2026-05-20,-157.99,insurance,online banking
T05954,C0141,2026-05-20,-57.88,restaurants,card
T00864,C0061,2026-05-20,-43.89,insurance,direct debit
T02135,C0097,2026-05-20,-224.39,utilities,direct debit
T01123,C0173,2026-05-20,-17.25,restaurants,online banking
T00691,C0240,2026-05-20,-107.77,insurance,app transfer
T01646,C0206,2026-05-20,-846.58,rent,direct debit
T03310,C0050,2026-05-20,-108.47,travel,direct debit
T02459,C0105,2026-05-20,-169.59,shopping,card
T05422,C0136,2026-05-20,-80.41,insurance,direct debit
T00501,C0234,2026-05-20,-1443.92,rent,direct debit
T01849,C0226,2026-05-20,-49.42,groceries,card
T04515,C0070,2026-05-20,-73.86,insurance,app transfer
T03141,C0004,2026-05-20,-77.76,insurance,app transfer
T03749,C0023,2026-05-20,-72.28,groceries,app transfer
T01576,C0171,2026-05-20,4104.91,salary,app transfer
T04395,C0296,2026-05-20,-122.67,utilities,direct debit
T01784,C0027,2026-05-21,-42.36,shopping,app transfer
T01911,C0189,2026-05-21,-82.59,insurance,card
T02070,C0155,2026-05-21,-59.4,groceries,card
T05757,C0223,2026-05-21,-22.39,insurance,app transfer
T04209,C0126,2026-05-21,-114.98,travel,app transfer
T01642,C0086,2026-05-21,-86.03,groceries,app transfer
T00300,C0082,2026-05-21,-46.4,shopping,direct debit
T01154,C0018,2026-05-21,-1473.12,rent,direct debit
T02187,C0221,2026-05-21,-75.26,insurance,online banking
T00012,C0156,2026-05-21,-114.63,insurance,direct debit
T04359,C0159,2026-05-21,-340.19,shopping,direct debit
T00278,C0017,2026-05-21,-97.69,shopping,direct debit
T01427,C0081,2026-05-21,-224.16,utilities,direct debit
T00088,C0283,2026-05-21,-57.54,utilities,direct debit
T01397,C0155,2026-05-21,-84.35,shopping,app transfer
T04610,C0062,2026-05-21,-929.08,rent,direct debit
T04683,C0198,2026-05-21,-533.5,travel,card
T04699,C0106,2026-05-21,-105.36,insurance,card
T02587,C0056,2026-05-21,3268.95,salary,app transfer
T05876,C0185,2026-05-21,-321.74,shopping,online banking
T01816,C0024,2026-05-21,-87.4,insurance,card
T04976,C0253,2026-05-21,-27.14,groceries,card
T05152,C0214,2026-05-21,4478.23,salary,direct debit
T01634,C0122,2026-05-22,3932.91,salary,online banking
T00753,C0012,2026-05-22,2018.4,salary,app transfer
T04660,C0125,2026-05-22,-125.9,insurance,direct debit
T05824,C0228,2026-05-22,-53.46,restaurants,card
T03664,C0133,2026-05-22,-157.23,utilities,direct debit
T00640,C0045,2026-05-22,-710.52,travel,direct debit
T04043,C0205,2026-05-22,-97.72,groceries,card
T03799,C0208,2026-05-22,-39.35,shopping,app transfer
T05364,C0294,2026-05-22,-297.08,travel,direct debit
T02925,C0244,2026-05-22,-68.6,groceries,card
T03535,C0127,2026-05-22,-36.08,shopping,online banking
T02954,C0085,2026-05-22,-178.84,insurance,direct debit
T04372,C0061,2026-05-22,-394.04,shopping,app transfer
T04300,C0240,2026-05-22,-116.38,travel,online banking
T03995,C0264,2026-05-22,-84.64,groceries,app transfer
T02195,C0096,2026-05-22,-205.61,shopping,card
T02892,C0112,2026-05-22,-865.08,travel,card
T02101,C0295,2026-05-22,1890.02,salary,online banking
T02377,C0144,2026-05-22,-82.57,restaurants,direct debit
T05236,C0230,2026-05-22,-118.39,utilities,direct debit
T05456,C0188,2026-05-22,-102.3,insurance,app transfer
T01502,C0064,2026-05-22,-711.05,rent,direct debit
T01052,C0062,2026-05-22,-63.22,groceries,card
T02782,C0197,2026-05-22,-42.76,restaurants,card
T01851,C0091,2026-05-22,-1153.08,rent,direct debit
T02388,C0128,2026-05-22,3295.78,salary,card
T00455,C0167,2026-05-22,-111.85,shopping,direct debit
T01985,C0133,2026-05-22,-263.21,travel,online banking
T05528,C0204,2026-05-22,-53.33,restaurants,app transfer
T01095,C0262,2026-05-23,-43.58,insurance,online banking
T05976,C0151,2026-05-23,3610.65,salary,direct debit
T01436,C0242,2026-05-23,-763.74,travel,app transfer
T04232,C0024,2026-05-23,-796.8,travel,card
T03520,C0250,2026-05-23,-265.39,shopping,app transfer
T04051,C0101,2026-05-23,-42.08,shopping,app transfer
T03476,C0002,2026-05-23,-39.16,restaurants,card
T04317,C0189,2026-05-23,-128.75,insurance,app transfer
T01918,C0072,2026-05-23,-145.59,insurance,direct debit
T04785,C0084,2026-05-23,-26.43,groceries,online banking
T04941,C0172,2026-05-23,-44.18,utilities,direct debit
T00264,C0106,2026-05-23,-195.51,utilities,direct debit
T04747,C0275,2026-05-23,-60.76,groceries,app transfer
T05244,C0162,2026-05-23,-101.88,groceries,app transfer
T05096,C0015,2026-05-23,-68.62,groceries,online banking
T04473,C0295,2026-05-23,-154.74,insurance,card
T01294,C0227,2026-05-23,-80.34,groceries,app transfer
T03427,C0070,2026-05-23,-216.48,utilities,direct debit
T04176,C0191,2026-05-23,-72.42,shopping,card
T00992,C0237,2026-05-23,-22.32,insurance,online banking
T03765,C0209,2026-05-23,-534.82,travel,card
T02852,C0247,2026-05-23,-73.27,restaurants,direct debit
T02109,C0086,2026-05-23,-186.5,utilities,direct debit
T00292,C0264,2026-05-23,-1309.97,rent,direct debit
T05714,C0019,2026-05-23,-77.0,groceries,app transfer
T03978,C0118,2026-05-23,3041.1,salary,online banking
T02360,C0104,2026-05-23,-696.47,rent,direct debit
T01093,C0256,2026-05-23,-1376.58,rent,direct debit
T05807,C0192,2026-05-23,-364.85,shopping,card
T05969,C0131,2026-05-24,-91.5,insurance,online banking
T05164,C0065,2026-05-24,-264.94,shopping,app transfer
T05100,C0115,2026-05-24,4326.08,salary,direct debit
T01964,C0249,2026-05-24,-724.52,rent,direct debit
T00905,C0270,2026-05-24,-439.85,travel,card
T05904,C0228,2026-05-24,-49.09,insurance,card
T02286,C0128,2026-05-24,-177.91,insurance,online banking
T04834,C0094,2026-05-24,-70.55,insurance,direct debit
T02728,C0113,2026-05-24,-132.35,travel,app transfer
T04804,C0193,2026-05-24,2609.96,salary,card
T02632,C0033,2026-05-24,-87.51,groceries,online banking
T03690,C0073,2026-05-24,3470.14,salary,card
T03577,C0286,2026-05-24,-36.83,restaurants,app transfer
T04544,C0283,2026-05-24,-98.71,groceries,online banking
T04161,C0017,2026-05-24,-86.99,utilities,direct debit
T04776,C0263,2026-05-24,-29.78,groceries,online banking
T05031,C0111,2026-05-24,-712.21,travel,card
T03341,C0091,2026-05-24,-67.31,restaurants,card
T05429,C0275,2026-05-24,-79.23,restaurants,card
T05706,C0032,2026-05-24,-57.37,groceries,online banking
T00373,C0045,2026-05-24,-50.9,groceries,online banking
T01977,C0008,2026-05-24,-727.65,travel,direct debit
T00371,C0141,2026-05-24,-423.57,travel,app transfer
T05309,C0005,2026-05-24,-1107.89,rent,direct debit
T00109,C0282,2026-05-24,-152.05,insurance,card
T04282,C0058,2026-05-25,-48.18,groceries,online banking
T03471,C0225,2026-05-25,-12.91,groceries,online banking
T05946,C0029,2026-05-25,-111.71,travel,direct debit
T02547,C0129,2026-05-25,-92.48,groceries,card
T03400,C0116,2026-05-25,-12.12,restaurants,online banking
T04475,C0008,2026-05-25,2887.52,salary,app transfer
T04731,C0200,2026-05-25,-1131.35,rent,direct debit
T01958,C0093,2026-05-25,-27.0,insurance,direct debit
T02040,C0255,2026-05-25,-153.34,travel,card
T01717,C0183,2026-05-25,-115.38,groceries,app transfer
T02030,C0105,2026-05-25,1957.12,salary,online banking
T01786,C0073,2026-05-25,-32.44,restaurants,app transfer
T01712,C0123,2026-05-25,-26.23,groceries,card
T04378,C0196,2026-05-25,-65.98,restaurants,app transfer
T03763,C0058,2026-05-25,-191.2,utilities,direct debit
T05547,C0043,2026-05-25,-116.25,insurance,card
T00558,C0132,2026-05-25,-673.47,rent,direct debit
T04384,C0277,2026-05-25,-79.52,restaurants,card
T01171,C0111,2026-05-25,-189.88,utilities,direct debit
T05208,C0156,2026-05-25,-92.4,shopping,direct debit
T03660,C0179,2026-05-25,-1043.25,rent,direct debit
T00341,C0239,2026-05-25,-72.34,restaurants,direct debit
T01238,C0107,2026-05-25,-634.0,travel,card
T02778,C0168,2026-05-26,3506.49,salary,card
T05847,C0255,2026-05-26,-165.4,utilities,direct debit
T05190,C0105,2026-05-26,-637.09,travel,direct debit
T02465,C0204,2026-05-26,-219.14,shopping,direct debit
T01763,C0196,2026-05-26,-1452.84,rent,direct debit
T00978,C0187,2026-05-26,-31.47,groceries,direct debit
T04213,C0245,2026-05-26,-62.47,restaurants,card
T00642,C0047,2026-05-26,-68.64,restaurants,direct debit
T05180,C0141,2026-05-26,-192.71,utilities,direct debit
T01272,C0154,2026-05-26,2699.31,salary,app transfer
T02288,C0225,2026-05-26,4200.22,salary,app transfer
T01085,C0198,2026-05-26,-47.64,restaurants,direct debit
T02208,C0012,2026-05-26,-1178.62,rent,direct debit
T00751,C0018,2026-05-26,-74.73,groceries,app transfer
T01040,C0007,2026-05-26,3568.72,salary,direct debit
T01533,C0076,2026-05-26,-43.34,insurance,card
T00087,C0266,2026-05-26,2215.98,salary,direct debit
T00930,C0113,2026-05-26,3819.88,salary,card
T02870,C0014,2026-05-26,-44.71,groceries,card
T03155,C0052,2026-05-26,-300.81,travel,online banking
T05851,C0176,2026-05-26,-1271.48,rent,direct debit
T04925,C0056,2026-05-26,-530.59,travel,online banking
T03079,C0142,2026-05-26,-1595.18,rent,direct debit
T02901,C0073,2026-05-26,-118.94,shopping,online banking
T02196,C0093,2026-05-26,-909.05,rent,direct debit
T03925,C0208,2026-05-26,-197.42,utilities,direct debit
T03855,C0005,2026-05-27,-211.99,utilities,direct debit
T02487,C0074,2026-05-27,-170.16,utilities,direct debit
T05424,C0144,2026-05-27,2003.76,salary,card
T05715,C0138,2026-05-27,-34.91,restaurants,direct debit
T05562,C0291,2026-05-27,-9.06,groceries,card
T03262,C0249,2026-05-27,-239.56,utilities,direct debit
T04684,C0063,2026-05-27,-382.48,travel,app transfer
T03621,C0261,2026-05-27,-82.36,groceries,app transfer
T02636,C0025,2026-05-27,-110.09,utilities,direct debit
T03007,C0270,2026-05-27,-20.49,restaurants,direct debit
T02619,C0246,2026-05-27,-147.2,insurance,app transfer
T01024,C0083,2026-05-27,-196.76,travel,app transfer
T00138,C0165,2026-05-27,-261.9,shopping,card
T03214,C0077,2026-05-27,-363.0,travel,card
T01132,C0137,2026-05-27,-1263.74,rent,direct debit
T04722,C0063,2026-05-27,-810.85,rent,direct debit
T01857,C0178,2026-05-28,-185.29,utilities,direct debit
T02962,C0090,2026-05-28,-471.22,travel,card
T03830,C0278,2026-05-28,-277.05,shopping,direct debit
T02477,C0271,2026-05-28,-152.51,utilities,direct debit
T04923,C0164,2026-05-28,-141.67,utilities,direct debit
T02200,C0033,2026-05-28,-190.2,utilities,direct debit
T02886,C0211,2026-05-28,-905.89,rent,direct debit
T05564,C0066,2026-05-28,-1485.03,rent,direct debit
T05698,C0202,2026-05-28,-49.57,utilities,direct debit
T04479,C0169,2026-05-28,-55.87,restaurants,direct debit
T02697,C0267,2026-05-28,-139.37,utilities,direct debit
T00541,C0262,2026-05-28,-182.45,utilities,direct debit
T00127,C0153,2026-05-28,-185.08,utilities,direct debit
T05940,C0179,2026-05-28,-526.2,travel,app transfer
T01042,C0227,2026-05-28,-805.6,rent,direct debit
T01880,C0250,2026-05-28,-35.2,shopping,direct debit
T04911,C0100,2026-05-28,-201.38,utilities,direct debit
T00108,C0186,2026-05-28,-46.18,utilities,direct debit
T00651,C0128,2026-05-28,-46.27,shopping,direct debit
T05170,C0186,2026-05-28,-816.94,rent,direct debit
T03147,C0163,2026-05-28,4020.01,salary,app transfer
T00837,C0248,2026-05-28,-45.31,restaurants,direct debit
T04931,C0066,2026-05-29,-20.42,insurance,card
T02900,C0269,2026-05-29,-52.61,insurance,card
T04335,C0035,2026-05-29,-41.32,groceries,online banking
T00763,C0222,2026-05-29,-203.0,utilities,direct debit
T01173,C0015,2026-05-29,-879.47,travel,app transfer
T02211,C0057,2026-05-29,-69.3,utilities,direct debit
T01617,C0246,2026-05-29,-918.11,rent,direct debit
T03659,C0161,2026-05-29,-83.46,restaurants,direct debit
T01031,C0243,2026-05-29,-388.15,shopping,app transfer
T00093,C0255,2026-05-29,-79.89,groceries,direct debit
T01910,C0246,2026-05-29,-66.31,insurance,card
T04670,C0079,2026-05-29,-74.56,utilities,direct debit
T02603,C0262,2026-05-29,-63.13,groceries,online banking
T00130,C0075,2026-05-29,4386.42,salary,card
T00077,C0034,2026-05-29,2093.4,salary,app transfer
T00002,C0214,2026-05-29,-759.41,rent,direct debit
T05228,C0124,2026-05-29,-661.22,travel,direct debit
T03806,C0205,2026-05-29,-1175.23,rent,direct debit
T02455,C0060,2026-05-29,-31.04,utilities,direct debit
T04625,C0247,2026-05-30,2933.3,salary,app transfer
T02885,C0271,2026-05-30,-105.74,utilities,direct debit
T04086,C0148,2026-05-30,-472.91,travel,app transfer
T02709,C0061,2026-05-30,-589.19,travel,app transfer
T03709,C0068,2026-05-30,-84.82,travel,direct debit
T00239,C0164,2026-05-30,-1348.13,rent,direct debit
T01962,C0283,2026-05-30,2153.78,salary,app transfer
T02518,C0165,2026-05-30,-186.51,utilities,direct debit
T04902,C0257,2026-05-30,-22.94,restaurants,app transfer
T05038,C0170,2026-05-30,-58.06,restaurants,direct debit
T04962,C0238,2026-05-30,-73.05,groceries,app transfer
T03975,C0252,2026-05-30,-77.41,groceries,app transfer
T00229,C0007,2026-05-30,-1043.12,rent,direct debit
T01543,C0248,2026-05-30,-163.55,insurance,app transfer
T00287,C0166,2026-05-30,-288.83,travel,direct debit
T03101,C0260,2026-05-30,-262.86,shopping,direct debit
T03326,C0025,2026-05-31,-831.64,travel,online banking
T04314,C0068,2026-05-31,-35.14,groceries,direct debit
T00392,C0158,2026-05-31,-770.98,rent,direct debit
T04169,C0084,2026-05-31,-216.96,utilities,direct debit
T01806,C0210,2026-05-31,-245.51,shopping,direct debit
T00934,C0130,2026-05-31,-441.58,travel,card
T01100,C0104,2026-05-31,-125.93,insurance,online banking
T03817,C0225,2026-05-31,-125.04,utilities,direct debit
T02746,C0077,2026-05-31,-42.66,insurance,online banking
T00909,C0181,2026-05-31,-924.75,rent,direct debit
T02001,C0100,2026-05-31,-365.32,shopping,direct debit
T00056,C0019,2026-05-31,-52.25,insurance,app transfer
T02670,C0232,2026-05-31,-774.06,travel,card
T01798,C0283,2026-05-31,3238.98,salary,online banking
T01654,C0210,2026-05-31,-319.19,travel,card
T03828,C0111,2026-05-31,-126.71,utilities,direct debit
T02089,C0223,2026-05-31,-68.16,restaurants,direct debit
T02183,C0092,2026-05-31,-149.19,shopping,card
T04910,C0209,2026-06-01,-26.51,insurance,online banking
T02707,C0072,2026-06-01,-71.79,utilities,direct debit
T04412,C0253,2026-06-01,2713.72,salary,direct debit
T03076,C0280,2026-06-01,-35.95,restaurants,card
T02944,C0208,2026-06-01,-112.62,utilities,direct debit
T01728,C0087,2026-06-01,4064.02,salary,direct debit
T01532,C0075,2026-06-01,2239.52,salary,online banking
T05882,C0198,2026-06-01,3735.13,salary,direct debit
T05295,C0046,2026-06-01,3596.37,salary,card
T04777,C0204,2026-06-01,-271.64,travel,online banking
T02978,C0205,2026-06-01,-664.35,travel,direct debit
T01978,C0128,2026-06-01,-38.33,restaurants,online banking
T03416,C0250,2026-06-01,-371.18,travel,app transfer
T04965,C0195,2026-06-01,-23.99,insurance,app transfer
T00146,C0173,2026-06-01,-71.59,groceries,app transfer
T05091,C0096,2026-06-01,3119.33,salary,card
T00372,C0126,2026-06-01,-63.88,groceries,online banking
T00028,C0040,2026-06-01,-766.21,travel,card
T04748,C0184,2026-06-02,-37.03,utilities,direct debit
T03753,C0206,2026-06-02,-162.98,insurance,card
T05325,C0219,2026-06-02,2659.93,salary,online banking
T00573,C0074,2026-06-02,-274.14,shopping,direct debit
T05953,C0267,2026-06-02,2838.48,salary,online banking
T00716,C0247,2026-06-02,-87.5,shopping,card
T03661,C0127,2026-06-02,-1573.76,rent,direct debit
T01139,C0161,2026-06-02,-79.64,restaurants,online banking
T04451,C0109,2026-06-02,-465.39,travel,card
T05448,C0118,2026-06-02,-22.64,groceries,card
T02184,C0167,2026-06-02,-121.76,insurance,card
T01601,C0169,2026-06-02,-76.62,insurance,card
T01937,C0265,2026-06-02,-126.79,travel,online banking
T02613,C0103,2026-06-02,-213.24,utilities,direct debit
T01398,C0005,2026-06-03,-119.92,shopping,direct debit
T02150,C0206,2026-06-03,-26.42,insurance,app transfer
T02934,C0188,2026-06-03,-213.64,utilities,direct debit
T05988,C0231,2026-06-03,-247.49,travel,card
T03399,C0190,2026-06-03,-1474.13,rent,direct debit
T00420,C0244,2026-06-03,-47.37,utilities,direct debit
T00752,C0004,2026-06-03,-393.91,shopping,app transfer
T00257,C0035,2026-06-03,4379.36,salary,card
T00531,C0263,2026-06-03,-1450.92,rent,direct debit
T02552,C0256,2026-06-03,2438.79,salary,direct debit
T01050,C0135,2026-06-03,-862.18,travel,online banking
T00233,C0216,2026-06-03,-198.85,shopping,card
T01130,C0078,2026-06-03,-215.71,utilities,direct debit
T03976,C0224,2026-06-03,-15.4,restaurants,online banking
T00182,C0077,2026-06-03,-1007.64,rent,direct debit
T00833,C0048,2026-06-03,-44.16,groceries,online banking
T04665,C0214,2026-06-03,-749.97,rent,direct debit
T00461,C0260,2026-06-03,2217.37,salary,app transfer
T00435,C0069,2026-06-03,-244.33,utilities,direct debit
T05811,C0209,2026-06-03,-42.83,insurance,online banking
T01125,C0259,2026-06-03,-178.84,shopping,direct debit
T00179,C0212,2026-06-03,-90.53,utilities,direct debit
T02837,C0136,2026-06-03,-162.64,insurance,card
T05549,C0094,2026-06-03,-228.9,shopping,online banking
T02489,C0222,2026-06-03,-24.13,groceries,online banking
T05552,C0092,2026-06-03,-62.94,restaurants,online banking
T04996,C0129,2026-06-03,-83.65,utilities,direct debit
T01759,C0009,2026-06-04,2079.03,salary,card
T05213,C0229,2026-06-04,-33.84,restaurants,direct debit
T01048,C0022,2026-06-04,-153.53,insurance,direct debit
T03958,C0116,2026-06-04,-292.1,travel,app transfer
T05250,C0154,2026-06-04,-152.42,insurance,card
T04399,C0038,2026-06-04,-665.62,rent,direct debit
T05478,C0001,2026-06-04,-54.34,restaurants,card
T00854,C0232,2026-06-04,3916.42,salary,direct debit
T04087,C0006,2026-06-04,-110.24,groceries,online banking
T05255,C0246,2026-06-04,-35.28,insurance,card
T04780,C0109,2026-06-04,-480.56,travel,card
T04281,C0168,2026-06-04,-181.16,utilities,direct debit
T05763,C0133,2026-06-04,-276.68,shopping,direct debit
T01028,C0274,2026-06-04,-144.48,travel,card
T00787,C0182,2026-06-04,3862.25,salary,direct debit
T03731,C0151,2026-06-04,-182.7,shopping,card
T03572,C0060,2026-06-04,-1387.91,rent,direct debit
T02064,C0145,2026-06-04,-60.85,travel,app transfer
T04636,C0217,2026-06-04,4152.04,salary,online banking
T05818,C0228,2026-06-05,-57.6,insurance,direct debit
T02561,C0082,2026-06-05,-1438.29,rent,direct debit
T00359,C0081,2026-06-05,-76.46,restaurants,card
T00516,C0047,2026-06-05,-107.69,groceries,app transfer
T03542,C0031,2026-06-05,2930.72,salary,direct debit
T04267,C0105,2026-06-05,-1295.75,rent,direct debit
T02653,C0208,2026-06-05,-211.55,utilities,direct debit
T01104,C0286,2026-06-05,-800.84,travel,app transfer
T05076,C0136,2026-06-05,-40.22,restaurants,direct debit
T04655,C0111,2026-06-05,-199.68,travel,online banking
T01285,C0192,2026-06-05,-124.65,shopping,card
T01632,C0172,2026-06-05,4198.87,salary,card
T05467,C0030,2026-06-05,-31.79,insurance,direct debit
T05641,C0107,2026-06-05,-886.5,rent,direct debit
T01949,C0245,2026-06-05,-1392.46,rent,direct debit
T02245,C0299,2026-06-05,-62.64,utilities,direct debit
T04612,C0235,2026-06-05,-78.41,restaurants,direct debit
T05674,C0156,2026-06-05,-70.56,shopping,app transfer
T00890,C0292,2026-06-05,-368.22,shopping,online banking
T02700,C0175,2026-06-05,-153.81,insurance,direct debit
T01261,C0206,2026-06-05,-1335.47,rent,direct debit
T02419,C0159,2026-06-05,-72.89,insurance,online banking
T00343,C0289,2026-06-05,-298.43,shopping,app transfer
T05717,C0266,2026-06-05,-175.99,utilities,direct debit
T05555,C0176,2026-06-05,-166.98,utilities,direct debit
T00797,C0211,2026-06-05,-1070.85,rent,direct debit
T02450,C0025,2026-06-05,-51.11,groceries,direct debit
T03199,C0048,2026-06-05,-30.27,groceries,direct debit
T03755,C0159,2026-06-06,-1362.57,rent,direct debit
T05505,C0072,2026-06-06,4256.07,salary,direct debit
T03163,C0004,2026-06-06,-576.7,travel,card
T00450,C0130,2026-06-06,-186.8,utilities,direct debit
T05114,C0215,2026-06-06,-59.49,restaurants,app transfer
T03957,C0132,2026-06-06,-59.18,insurance,card
T04767,C0293,2026-06-06,2615.74,salary,card
T05143,C0093,2026-06-06,-22.85,groceries,app transfer
T03618,C0287,2026-06-06,-199.88,utilities,direct debit
T02277,C0075,2026-06-06,3598.95,salary,direct debit
T05237,C0160,2026-06-06,-48.69,restaurants,online banking
T01882,C0251,2026-06-06,-8.57,groceries,direct debit
T05421,C0171,2026-06-06,-379.11,travel,direct debit
T02242,C0082,2026-06-06,-195.36,shopping,online banking
T02705,C0179,2026-06-06,-72.21,utilities,direct debit
T00302,C0203,2026-06-06,-89.31,groceries,app transfer
T01587,C0045,2026-06-06,-168.54,shopping,direct debit
T03376,C0032,2026-06-06,-894.16,travel,direct debit
T05918,C0280,2026-06-06,-173.35,travel,card
T05136,C0220,2026-06-06,-48.58,groceries,online banking
T05069,C0262,2026-06-06,-123.68,insurance,online banking
T05370,C0108,2026-06-06,-96.84,shopping,online banking
T05574,C0230,2026-06-06,-73.8,shopping,app transfer
T04203,C0186,2026-06-06,-834.62,travel,direct debit
T01441,C0200,2026-06-07,-46.63,restaurants,card
T04040,C0028,2026-06-07,-293.16,shopping,online banking
T04970,C0059,2026-06-07,-53.0,restaurants,card
T03220,C0199,2026-06-07,2441.06,salary,app transfer
T00117,C0299,2026-06-07,-1406.92,rent,direct debit
T01980,C0064,2026-06-07,-71.67,groceries,direct debit
T02869,C0256,2026-06-07,-69.61,restaurants,online banking
T00852,C0060,2026-06-07,-646.53,travel,direct debit
T04651,C0274,2026-06-07,-91.54,shopping,card
T01481,C0251,2026-06-07,-1259.0,rent,direct debit
T05146,C0161,2026-06-07,-1506.7,rent,direct debit
T00885,C0091,2026-06-07,-172.94,insurance,card
T03180,C0164,2026-06-07,-88.69,utilities,direct debit
T02800,C0061,2026-06-07,3863.66,salary,online banking
T01843,C0085,2026-06-07,-1553.92,rent,direct debit
T05150,C0004,2026-06-07,3314.11,salary,direct debit
T02055,C0024,2026-06-07,3291.38,salary,app transfer
T02278,C0231,2026-06-07,3351.7,salary,online banking
T02132,C0127,2026-06-07,-77.31,restaurants,app transfer
T01672,C0084,2026-06-07,-73.08,insurance,app transfer
T05407,C0240,2026-06-08,-26.48,groceries,direct debit
T00057,C0162,2026-06-08,-65.72,groceries,online banking
T00873,C0234,2026-06-08,-65.39,restaurants,online banking
T05765,C0039,2026-06-08,-73.09,restaurants,app transfer
T01289,C0247,2026-06-08,-1187.48,rent,direct debit
T03639,C0293,2026-06-08,-74.66,utilities,direct debit
T01295,C0293,2026-06-08,-70.84,groceries,card
T03646,C0157,2026-06-08,-1167.52,rent,direct debit
T00383,C0278,2026-06-08,-48.09,insurance,card
T04323,C0191,2026-06-08,-527.57,travel,online banking
T03648,C0231,2026-06-08,-161.57,insurance,card
T03588,C0034,2026-06-08,-200.23,travel,online banking
T02250,C0116,2026-06-08,3942.64,salary,app transfer
T05520,C0081,2026-06-08,-231.28,shopping,online banking
T00823,C0158,2026-06-08,-1343.65,rent,direct debit
T05254,C0212,2026-06-08,-1529.39,rent,direct debit
T05944,C0232,2026-06-08,3813.11,salary,app transfer
T04805,C0182,2026-06-08,4493.37,salary,online banking
T05689,C0002,2026-06-08,-69.89,insurance,card
T03393,C0162,2026-06-08,-119.91,utilities,direct debit
T05581,C0035,2026-06-09,-936.05,rent,direct debit
T04371,C0007,2026-06-09,-100.17,utilities,direct debit
T01113,C0121,2026-06-09,-160.36,utilities,direct debit
T01357,C0066,2026-06-09,-73.47,groceries,direct debit
T03444,C0104,2026-06-09,-149.75,insurance,card
T00871,C0183,2026-06-09,-73.17,insurance,app transfer
T00255,C0179,2026-06-09,-335.04,travel,app transfer
T03315,C0291,2026-06-09,-1304.25,rent,direct debit
T00860,C0003,2026-06-09,-84.72,restaurants,card
T04823,C0078,2026-06-09,-85.1,shopping,card
T03051,C0124,2026-06-09,-770.8,travel,direct debit
T04525,C0098,2026-06-09,-44.57,insurance,app transfer
T02094,C0003,2026-06-09,-66.71,restaurants,app transfer
T05886,C0250,2026-06-09,-167.67,insurance,app transfer
T01801,C0053,2026-06-09,-807.37,rent,direct debit
T00862,C0296,2026-06-09,-79.55,groceries,app transfer
T03290,C0262,2026-06-09,-44.27,insurance,online banking
T04836,C0201,2026-06-10,1988.05,salary,online banking
T04546,C0255,2026-06-10,-948.18,rent,direct debit
T00072,C0204,2026-06-10,2746.19,salary,app transfer
T03049,C0271,2026-06-10,-155.73,utilities,direct debit
T00307,C0053,2026-06-10,-40.67,restaurants,direct debit
T04390,C0010,2026-06-10,-234.27,travel,online banking
T02008,C0175,2026-06-10,-56.01,shopping,online banking
T01082,C0058,2026-06-10,-767.43,rent,direct debit
T05018,C0184,2026-06-10,2459.34,salary,app transfer
T02959,C0181,2026-06-10,-365.98,travel,card
T00101,C0168,2026-06-10,-203.26,travel,app transfer
T00585,C0003,2026-06-10,-251.71,travel,app transfer
T00194,C0190,2026-06-10,-121.06,utilities,direct debit
T00470,C0091,2026-06-10,2786.85,salary,card
T04039,C0121,2026-06-10,-783.12,travel,app transfer
T05848,C0142,2026-06-10,-190.4,shopping,direct debit
T03886,C0046,2026-06-10,2489.81,salary,card
T01823,C0285,2026-06-10,-50.52,restaurants,card
T02505,C0047,2026-06-10,1984.78,salary,direct debit
T03069,C0068,2026-06-10,-39.91,restaurants,app transfer
T05094,C0199,2026-06-10,-157.07,shopping,online banking
T01984,C0142,2026-06-10,-86.36,restaurants,online banking
T00267,C0271,2026-06-10,-115.52,insurance,online banking
T00747,C0181,2026-06-11,-108.01,insurance,direct debit
T00625,C0106,2026-06-11,-1038.4,rent,direct debit
T03856,C0095,2026-06-11,-1300.06,rent,direct debit
T04088,C0008,2026-06-11,-78.94,restaurants,card
T01572,C0079,2026-06-11,-1592.83,rent,direct debit
T02420,C0277,2026-06-11,-781.95,travel,card
T05777,C0297,2026-06-11,-142.18,insurance,card
T00848,C0290,2026-06-11,-226.52,shopping,card
T02206,C0150,2026-06-11,-186.08,shopping,online banking
T00658,C0191,2026-06-11,-98.77,insurance,direct debit
T02507,C0186,2026-06-11,-57.51,restaurants,online banking
T03890,C0069,2026-06-11,-146.33,shopping,app transfer
T03826,C0071,2026-06-11,-169.19,insurance,app transfer
T02590,C0073,2026-06-11,2254.13,salary,online banking
T00313,C0220,2026-06-11,2364.09,salary,app transfer
T04543,C0220,2026-06-11,-100.28,groceries,online banking
T00354,C0168,2026-06-12,-1080.12,rent,direct debit
T04517,C0153,2026-06-12,-110.41,groceries,online banking
T01988,C0297,2026-06-12,-26.71,insurance,app transfer
T01309,C0032,2026-06-12,-191.28,shopping,online banking
T01378,C0192,2026-06-12,-1219.57,rent,direct debit
T05958,C0125,2026-06-12,4107.54,salary,online banking
T01301,C0271,2026-06-12,-50.79,groceries,card
T00381,C0122,2026-06-12,-733.34,travel,direct debit
T02872,C0171,2026-06-12,-356.48,shopping,app transfer
T04668,C0223,2026-06-12,-1283.58,rent,direct debit
T05157,C0103,2026-06-12,-50.93,groceries,direct debit
T02502,C0211,2026-06-12,-442.98,travel,app transfer
T02865,C0017,2026-06-12,-31.19,restaurants,online banking
T01822,C0141,2026-06-12,-303.94,shopping,online banking
T04877,C0265,2026-06-12,-1012.36,rent,direct debit
T04896,C0131,2026-06-12,-45.32,utilities,direct debit
T04188,C0006,2026-06-12,4245.96,salary,app transfer
T02478,C0281,2026-06-12,-88.77,travel,card
T01773,C0266,2026-06-12,3595.26,salary,online banking
T03887,C0007,2026-06-13,-51.23,insurance,online banking
T03693,C0107,2026-06-13,-32.79,shopping,app transfer
T01803,C0140,2026-06-13,-1241.77,rent,direct debit
T01687,C0181,2026-06-13,-1119.5,rent,direct debit
T04182,C0243,2026-06-13,-68.95,shopping,online banking
T02213,C0143,2026-06-13,-1381.97,rent,direct debit
T03918,C0139,2026-06-13,-140.7,insurance,direct debit
T00377,C0014,2026-06-13,-553.52,travel,card
T01628,C0127,2026-06-13,-1500.35,rent,direct debit
T02820,C0171,2026-06-13,-235.92,shopping,online banking
T05358,C0175,2026-06-13,-107.84,insurance,card
T02580,C0140,2026-06-13,-456.84,travel,direct debit
T02687,C0071,2026-06-13,-369.09,shopping,online banking
T00181,C0269,2026-06-13,-1311.49,rent,direct debit
T04875,C0235,2026-06-13,-147.38,shopping,card
T02521,C0251,2026-06-13,-109.45,groceries,card
T03110,C0067,2026-06-13,-483.86,travel,app transfer
T00457,C0207,2026-06-13,-84.24,groceries,card
T01161,C0211,2026-06-13,-428.28,travel,app transfer
T02602,C0257,2026-06-13,-317.74,travel,online banking
T00177,C0120,2026-06-13,-235.22,shopping,direct debit
T03422,C0024,2026-06-13,-89.62,insurance,app transfer
T04081,C0046,2026-06-14,-87.23,travel,card
T00560,C0099,2026-06-14,-210.42,shopping,card
T05074,C0273,2026-06-14,-19.67,groceries,app transfer
T03838,C0178,2026-06-14,-186.72,utilities,direct debit
T01834,C0144,2026-06-14,-143.62,insurance,online banking
T02331,C0136,2026-06-14,4423.11,salary,card
T02860,C0199,2026-06-14,-122.8,insurance,app transfer
T02390,C0286,2026-06-14,-192.96,utilities,direct debit
T04377,C0201,2026-06-14,-175.41,travel,direct debit
T02708,C0278,2026-06-14,3947.95,salary,online banking
T00475,C0008,2026-06-14,2456.51,salary,app transfer
T04628,C0008,2026-06-14,-121.31,shopping,online banking
T01299,C0274,2026-06-14,-43.34,restaurants,card
T03549,C0176,2026-06-14,-269.24,travel,app transfer
T02694,C0022,2026-06-14,-1391.6,rent,direct debit
T05830,C0227,2026-06-14,-1072.67,rent,direct debit
T02346,C0204,2026-06-15,-50.07,travel,online banking
T02825,C0204,2026-06-15,-91.94,insurance,direct debit
T01686,C0047,2026-06-15,-895.5,travel,app transfer
T05905,C0147,2026-06-15,3174.31,salary,online banking
T02144,C0018,2026-06-15,-1316.22,rent,direct debit
T05524,C0010,2026-06-15,-16.8,groceries,card
T03792,C0071,2026-06-15,-46.96,restaurants,direct debit
T00816,C0212,2026-06-15,-1078.34,rent,direct debit
T04572,C0117,2026-06-15,-771.72,travel,app transfer
T04778,C0093,2026-06-15,-148.43,insurance,card
T02069,C0160,2026-06-15,-123.53,utilities,direct debit
T02052,C0288,2026-06-15,-37.3,groceries,direct debit
T02104,C0001,2026-06-15,-32.45,insurance,card
T02704,C0161,2026-06-15,-229.59,utilities,direct debit
T04766,C0170,2026-06-15,1913.88,salary,online banking
T00732,C0145,2026-06-15,-392.43,travel,direct debit
T04269,C0162,2026-06-15,-102.99,groceries,direct debit
T05330,C0245,2026-06-15,-81.98,restaurants,direct debit
T01059,C0086,2026-06-15,-80.05,restaurants,direct debit
T03077,C0297,2026-06-15,-81.1,travel,online banking
T02956,C0043,2026-06-15,-26.47,groceries,card
T00550,C0079,2026-06-15,-74.85,groceries,direct debit
T02592,C0145,2026-06-15,-71.35,groceries,card
T02591,C0223,2026-06-15,-52.3,groceries,direct debit
T03153,C0003,2026-06-15,-104.78,utilities,direct debit
T04436,C0100,2026-06-15,-186.97,utilities,direct debit
T03175,C0015,2026-06-16,-196.34,travel,app transfer
T05278,C0157,2026-06-16,-247.35,utilities,direct debit
T03793,C0176,2026-06-16,-232.22,travel,direct debit
T01653,C0189,2026-06-16,4275.24,salary,direct debit
T02047,C0229,2026-06-16,-885.03,rent,direct debit
T00806,C0251,2026-06-16,-158.68,insurance,app transfer
T05600,C0183,2026-06-16,3057.33,salary,online banking
T04223,C0008,2026-06-16,-33.57,groceries,app transfer
T03839,C0284,2026-06-16,4038.38,salary,direct debit
T03152,C0060,2026-06-16,-786.9,travel,card
T05155,C0154,2026-06-16,-891.5,travel,card
T05328,C0295,2026-06-16,-334.07,shopping,online banking
T00982,C0102,2026-06-16,-868.56,rent,direct debit
T03586,C0189,2026-06-16,-80.7,groceries,card
T01304,C0031,2026-06-16,-196.05,travel,card
T05833,C0129,2026-06-16,-142.73,insurance,card
T02648,C0060,2026-06-16,-137.1,insurance,direct debit
T04983,C0013,2026-06-17,-202.98,shopping,card
T00220,C0204,2026-06-17,4420.01,salary,direct debit
T04397,C0128,2026-06-17,-644.69,travel,online banking
T03893,C0146,2026-06-17,-14.83,groceries,app transfer
T05741,C0043,2026-06-17,-55.5,groceries,online banking
T01380,C0077,2026-06-17,-106.4,shopping,direct debit
T05176,C0146,2026-06-17,-849.05,rent,direct debit
T00325,C0275,2026-06-17,-376.03,travel,card
T03754,C0272,2026-06-17,-32.45,restaurants,card
T00993,C0127,2026-06-17,-125.53,utilities,direct debit
T04888,C0217,2026-06-17,3312.72,salary,app transfer
T00886,C0195,2026-06-17,-50.56,restaurants,card
T00159,C0085,2026-06-17,-774.86,travel,online banking
T02162,C0205,2026-06-17,-812.3,travel,online banking
T05459,C0123,2026-06-17,-156.21,insurance,online banking
T01993,C0013,2026-06-17,-561.99,travel,direct debit
T01817,C0088,2026-06-17,-114.59,insurance,app transfer
T01162,C0089,2026-06-17,-321.82,shopping,app transfer
T05815,C0063,2026-06-18,-214.02,utilities,direct debit
T05468,C0003,2026-06-18,-738.56,rent,direct debit
T01830,C0136,2026-06-18,-65.66,restaurants,online banking
T00583,C0231,2026-06-18,-118.61,insurance,direct debit
T05172,C0284,2026-06-18,-335.43,travel,online banking
T02115,C0159,2026-06-18,-18.54,groceries,direct debit
T05854,C0265,2026-06-18,-240.06,utilities,direct debit
T02386,C0013,2026-06-18,-124.97,travel,online banking
T01353,C0265,2026-06-18,-114.05,insurance,card
T01342,C0085,2026-06-18,-98.38,utilities,direct debit
T01364,C0215,2026-06-18,-73.29,shopping,online banking
T02201,C0216,2026-06-18,-106.63,insurance,online banking
T03919,C0122,2026-06-18,-53.94,restaurants,online banking
T04062,C0269,2026-06-18,-158.77,insurance,card
T04091,C0119,2026-06-18,-81.19,utilities,direct debit
T03809,C0022,2026-06-18,-136.14,utilities,direct debit
T00835,C0141,2026-06-18,-53.11,restaurants,app transfer
T03463,C0073,2026-06-18,-98.21,groceries,online banking
T01944,C0105,2026-06-18,-834.79,travel,card
T04487,C0030,2026-06-18,-125.16,insurance,direct debit
T05821,C0060,2026-06-18,-72.55,restaurants,direct debit
T03640,C0196,2026-06-18,-36.08,restaurants,card
T01421,C0270,2026-06-18,-230.27,utilities,direct debit
T04868,C0056,2026-06-19,-34.76,restaurants,card
T05832,C0157,2026-06-19,-60.39,groceries,app transfer
T02774,C0181,2026-06-19,-27.09,restaurants,app transfer
T00385,C0001,2026-06-19,-166.86,insurance,app transfer
T00554,C0170,2026-06-19,-109.38,utilities,direct debit
T01363,C0240,2026-06-19,-156.32,insurance,direct debit
T05463,C0045,2026-06-19,-110.88,utilities,direct debit
T02572,C0296,2026-06-19,2614.51,salary,app transfer
T02239,C0228,2026-06-19,-317.08,shopping,direct debit
T03559,C0256,2026-06-19,-320.47,shopping,online banking
T00395,C0073,2026-06-19,-139.25,insurance,app transfer
T02796,C0291,2026-06-19,-934.13,rent,direct debit
T02989,C0142,2026-06-19,-663.93,travel,app transfer
T01875,C0179,2026-06-19,-162.5,shopping,online banking
T03366,C0118,2026-06-19,-340.63,shopping,direct debit
T00845,C0100,2026-06-19,-757.09,travel,online banking
T00849,C0296,2026-06-19,-205.9,utilities,direct debit
T01408,C0079,2026-06-19,-528.64,travel,online banking
T01938,C0027,2026-06-19,-34.96,utilities,direct debit
T05996,C0262,2026-06-19,3113.28,salary,online banking
T05868,C0161,2026-06-19,-207.95,utilities,direct debit
T00511,C0124,2026-06-19,1880.61,salary,card
T01509,C0183,2026-06-19,-98.3,groceries,card
T04401,C0025,2026-06-19,-1531.72,rent,direct debit
T05009,C0252,2026-06-19,-71.38,utilities,direct debit
T00464,C0216,2026-06-19,-154.96,shopping,direct debit
T04809,C0146,2026-06-19,-41.39,restaurants,online banking
T04886,C0015,2026-06-20,1881.95,salary,app transfer
T04930,C0202,2026-06-20,-112.91,shopping,app transfer
T03242,C0118,2026-06-20,-32.75,insurance,card
T03183,C0293,2026-06-20,-37.24,groceries,direct debit
T01003,C0198,2026-06-20,-53.41,restaurants,direct debit
T00236,C0203,2026-06-20,-102.26,groceries,online banking
T05452,C0061,2026-06-20,-833.16,travel,card
T00844,C0059,2026-06-20,-46.23,groceries,card
T02524,C0042,2026-06-20,-108.2,insurance,app transfer
T02642,C0071,2026-06-20,-370.64,shopping,online banking
T01860,C0096,2026-06-20,-813.89,travel,app transfer
T02058,C0047,2026-06-20,-1516.62,rent,direct debit
T05943,C0236,2026-06-20,-259.6,shopping,online banking
T03565,C0294,2026-06-20,-111.63,groceries,direct debit
T05884,C0175,2026-06-20,4362.15,salary,online banking
T00937,C0199,2026-06-20,-1596.16,rent,direct debit
T03459,C0018,2026-06-20,-109.06,groceries,direct debit
T02299,C0145,2026-06-20,-121.5,insurance,card
T05229,C0269,2026-06-20,-174.03,utilities,direct debit
T02123,C0009,2026-06-20,-214.2,utilities,direct debit
T01679,C0040,2026-06-20,4180.45,salary,card
T05347,C0037,2026-06-20,-105.49,groceries,online banking
T05865,C0067,2026-06-20,2658.28,salary,card
T01345,C0028,2026-06-20,3096.88,salary,app transfer
T01688,C0212,2026-06-20,-42.12,insurance,app transfer
T05536,C0133,2026-06-21,-46.74,restaurants,app transfer
T00237,C0226,2026-06-21,3337.34,salary,app transfer
T01008,C0071,2026-06-21,-82.5,utilities,direct debit
T05986,C0215,2026-06-21,-76.69,groceries,card
T01761,C0268,2026-06-21,-757.71,rent,direct debit
T05922,C0018,2026-06-21,-1017.83,rent,direct debit
T04119,C0030,2026-06-21,-710.95,travel,app transfer
T04386,C0050,2026-06-21,-53.89,restaurants,direct debit
T01455,C0035,2026-06-21,-22.82,insurance,online banking
T04238,C0220,2026-06-21,2350.45,salary,online banking
T03499,C0234,2026-06-21,2463.56,salary,online banking
T04863,C0005,2026-06-21,-1258.11,rent,direct debit
T02609,C0132,2026-06-21,-73.07,utilities,direct debit
T03335,C0204,2026-06-21,-59.08,restaurants,direct debit
T01943,C0103,2026-06-21,-356.33,shopping,card
T04620,C0092,2026-06-21,-46.45,groceries,app transfer
T00331,C0016,2026-06-21,-74.95,restaurants,direct debit
T05966,C0005,2026-06-21,-772.34,travel,direct debit
T01265,C0019,2026-06-21,-42.42,restaurants,app transfer
T04307,C0130,2026-06-21,-898.56,travel,online banking
T01250,C0187,2026-06-21,-744.48,travel,card
T02880,C0042,2026-06-21,-67.04,utilities,direct debit
T02035,C0260,2026-06-21,-277.45,travel,card
T03777,C0259,2026-06-22,-61.53,restaurants,online banking
T03014,C0011,2026-06-22,3858.35,salary,online banking
T05663,C0075,2026-06-22,-173.47,travel,direct debit
T02182,C0218,2026-06-22,-273.25,shopping,card
T00927,C0267,2026-06-22,-179.1,utilities,direct debit
T03679,C0170,2026-06-22,-168.16,utilities,direct debit
T03334,C0215,2026-06-22,-642.51,travel,card
T01390,C0263,2026-06-22,-88.18,insurance,online banking
T00090,C0088,2026-06-22,-764.58,travel,card
T00679,C0086,2026-06-22,-402.76,travel,online banking
T05651,C0149,2026-06-22,3632.63,salary,card
T00389,C0052,2026-06-22,-936.68,rent,direct debit
T05379,C0257,2026-06-22,-84.21,insurance,card
T01701,C0211,2026-06-22,-91.04,insurance,card
T01625,C0114,2026-06-22,-123.74,utilities,direct debit
T00764,C0068,2026-06-22,-110.99,travel,card
T04166,C0116,2026-06-22,-34.13,restaurants,card
T04922,C0240,2026-06-22,-243.17,shopping,app transfer
T05955,C0109,2026-06-22,-64.37,groceries,app transfer
T03769,C0277,2026-06-22,-206.32,travel,online banking
T00296,C0146,2026-06-22,3022.26,salary,app transfer
T05487,C0260,2026-06-22,-114.66,shopping,card
T00746,C0259,2026-06-22,-1274.66,rent,direct debit
T02560,C0139,2026-06-22,-210.07,travel,online banking
T05901,C0002,2026-06-22,-29.5,restaurants,online banking
T01444,C0008,2026-06-22,-99.9,groceries,card
T00433,C0011,2026-06-22,2293.06,salary,direct debit
T05293,C0137,2026-06-23,-118.51,insurance,app transfer
T05732,C0070,2026-06-23,-673.27,rent,direct debit
T04783,C0168,2026-06-23,-36.6,restaurants,direct debit
T03291,C0079,2026-06-23,-19.45,groceries,app transfer
T02567,C0082,2026-06-23,-255.88,shopping,online banking
T04447,C0115,2026-06-23,-600.47,travel,card
T01258,C0044,2026-06-23,-36.55,restaurants,app transfer
T01724,C0068,2026-06-23,-66.53,insurance,online banking
T02862,C0191,2026-06-23,-54.54,groceries,card
T03146,C0278,2026-06-23,-295.83,shopping,online banking
T01374,C0057,2026-06-23,-1539.31,rent,direct debit
T03695,C0201,2026-06-23,-822.12,rent,direct debit
T01670,C0278,2026-06-23,-78.51,restaurants,card
T05485,C0215,2026-06-24,3254.4,salary,online banking
T03085,C0294,2026-06-24,-671.71,travel,online banking
T00857,C0098,2026-06-24,-834.33,travel,direct debit
T01300,C0012,2026-06-24,-89.92,insurance,online banking
T01207,C0263,2026-06-24,-117.01,groceries,app transfer
T05592,C0142,2026-06-24,-84.68,utilities,direct debit
T02990,C0032,2026-06-24,-26.01,insurance,card
T02534,C0007,2026-06-24,-105.46,groceries,card
T01062,C0211,2026-06-24,-167.35,insurance,app transfer
T01362,C0036,2026-06-24,-71.66,utilities,direct debit
T02674,C0115,2026-06-24,-784.39,travel,online banking
T02202,C0176,2026-06-24,-43.8,groceries,online banking
T04197,C0085,2026-06-24,-60.33,groceries,direct debit
T05504,C0098,2026-06-24,-416.38,travel,online banking
T05392,C0293,2026-06-24,1814.33,salary,app transfer
T04233,C0168,2026-06-24,-36.01,insurance,online banking
T04538,C0186,2026-06-24,-1184.97,rent,direct debit
T03316,C0168,2026-06-24,-57.89,restaurants,direct debit
T02350,C0131,2026-06-24,-734.01,travel,online banking
T05173,C0105,2026-06-24,-330.27,shopping,card
T01792,C0061,2026-06-25,-119.3,groceries,online banking
T00305,C0005,2026-06-25,-99.52,groceries,online banking
T04782,C0170,2026-06-25,-31.23,restaurants,online banking
T00665,C0242,2026-06-25,-152.71,shopping,online banking
T03906,C0003,2026-06-25,-1518.41,rent,direct debit
T04829,C0212,2026-06-25,-111.22,insurance,direct debit
T03960,C0074,2026-06-25,-28.28,groceries,direct debit
T00775,C0008,2026-06-25,-280.58,shopping,card
T04379,C0122,2026-06-25,-188.58,utilities,direct debit
T05425,C0273,2026-06-25,-18.66,restaurants,online banking
T00468,C0103,2026-06-25,-391.9,travel,online banking
T02528,C0209,2026-06-25,-775.72,rent,direct debit
T03625,C0040,2026-06-25,-37.74,restaurants,direct debit
T00907,C0028,2026-06-25,-218.66,shopping,card
T00500,C0191,2026-06-25,-26.26,restaurants,online banking
T01101,C0278,2026-06-25,-325.7,shopping,card
T00708,C0112,2026-06-25,-87.24,insurance,online banking
T03564,C0091,2026-06-25,-34.27,restaurants,card
T04178,C0230,2026-06-25,-166.87,utilities,direct debit
T01020,C0211,2026-06-25,2729.45,salary,direct debit
T05007,C0108,2026-06-25,-98.52,shopping,card
T03801,C0266,2026-06-25,-53.0,insurance,card
T00882,C0223,2026-06-25,-1167.3,rent,direct debit
T05545,C0053,2026-06-25,-500.55,travel,direct debit
T00125,C0273,2026-06-25,-107.4,insurance,direct debit
T05538,C0273,2026-06-25,-205.07,shopping,card
T05015,C0150,2026-06-25,1922.69,salary,direct debit
T02351,C0050,2026-06-25,-142.12,insurance,direct debit
T01637,C0280,2026-06-25,-35.52,restaurants,online banking
T01027,C0163,2026-06-26,-24.57,groceries,online banking
T05405,C0119,2026-06-26,-210.46,utilities,direct debit
T04165,C0170,2026-06-26,2195.53,salary,card
T04849,C0147,2026-06-26,-116.92,groceries,online banking
T02485,C0129,2026-06-26,-176.82,insurance,online banking
T05263,C0236,2026-06-26,-1370.0,rent,direct debit
T00603,C0181,2026-06-26,-1112.52,rent,direct debit
T02205,C0250,2026-06-26,-18.48,restaurants,direct debit
T00630,C0158,2026-06-26,-311.94,shopping,online banking
T00919,C0108,2026-06-26,-86.72,travel,direct debit
T02546,C0129,2026-06-26,-1348.67,rent,direct debit
T05350,C0009,2026-06-26,-882.8,rent,direct debit
T03825,C0166,2026-06-26,-59.68,restaurants,online banking
T02739,C0200,2026-06-26,-48.27,groceries,card
T02515,C0291,2026-06-26,-161.7,insurance,card
T01593,C0218,2026-06-26,-35.35,groceries,card
T05032,C0258,2026-06-26,-341.58,shopping,card
T02247,C0088,2026-06-26,-123.02,insurance,direct debit
T00346,C0120,2026-06-27,-79.23,groceries,card
T00171,C0236,2026-06-27,-64.13,utilities,direct debit
T04427,C0028,2026-06-27,-1150.23,rent,direct debit
T02025,C0051,2026-06-27,3731.06,salary,card
T05374,C0058,2026-06-27,-92.1,shopping,online banking
T01124,C0108,2026-06-27,-1405.87,rent,direct debit
T04367,C0177,2026-06-27,-69.0,groceries,card
T04015,C0168,2026-06-27,-525.44,travel,direct debit
T02171,C0043,2026-06-27,-129.77,insurance,card
T02049,C0059,2026-06-27,2618.18,salary,app transfer
T03811,C0284,2026-06-27,-44.45,restaurants,app transfer
T04120,C0004,2026-06-27,-317.4,shopping,app transfer
T04751,C0127,2026-06-27,-64.03,restaurants,direct debit
T05349,C0054,2026-06-27,-72.21,insurance,direct debit
T04049,C0010,2026-06-27,-340.23,shopping,card
T00556,C0059,2026-06-27,-57.91,groceries,app transfer
T00661,C0258,2026-06-27,-52.1,groceries,app transfer
T05965,C0080,2026-06-27,-250.32,shopping,online banking
T05161,C0292,2026-06-27,-241.01,travel,online banking
T03421,C0284,2026-06-27,-65.12,restaurants,direct debit
T02354,C0065,2026-06-27,-129.74,shopping,online banking
T01423,C0234,2026-06-27,-283.12,shopping,direct debit
T01757,C0111,2026-06-28,-849.27,rent,direct debit
T01484,C0131,2026-06-28,-1134.13,rent,direct debit
T03927,C0058,2026-06-28,-29.62,groceries,online banking
T01921,C0166,2026-06-28,-542.66,travel,online banking
T04151,C0114,2026-06-28,-1269.61,rent,direct debit
T04921,C0206,2026-06-28,-522.05,travel,app transfer
T01288,C0063,2026-06-28,-15.57,groceries,card
T01737,C0048,2026-06-28,-94.54,insurance,online banking
T02741,C0131,2026-06-28,-867.13,rent,direct debit
T05606,C0011,2026-06-28,2568.16,salary,app transfer
T04723,C0061,2026-06-28,-284.2,travel,card
T05355,C0272,2026-06-28,-391.54,travel,app transfer
T01191,C0064,2026-06-28,-120.48,travel,direct debit
T02310,C0066,2026-06-28,-114.92,groceries,direct debit
T01110,C0188,2026-06-28,-736.22,travel,card
T02928,C0219,2026-06-28,-112.68,groceries,online banking
T03872,C0169,2026-06-28,-140.68,insurance,app transfer
T05725,C0101,2026-06-28,-767.39,travel,online banking
T01972,C0017,2026-06-28,-375.52,shopping,direct debit
T03600,C0260,2026-06-29,-87.82,restaurants,online banking
T02128,C0141,2026-06-29,-55.91,shopping,online banking
T01990,C0121,2026-06-29,-20.23,groceries,online banking
T03351,C0237,2026-06-29,-117.05,groceries,app transfer
T00286,C0031,2026-06-29,-147.1,utilities,direct debit
T01867,C0252,2026-06-29,-178.37,insurance,direct debit
T00284,C0108,2026-06-29,-219.43,utilities,direct debit
T03215,C0188,2026-06-29,-188.75,utilities,direct debit
T04032,C0199,2026-06-29,-1535.29,rent,direct debit
T02367,C0128,2026-06-29,-45.52,utilities,direct debit
T04969,C0203,2026-06-29,2336.13,salary,online banking
T05625,C0024,2026-06-29,-1246.32,rent,direct debit
T05541,C0067,2026-06-29,-16.24,groceries,app transfer
T03168,C0093,2026-06-29,-452.87,travel,direct debit
T04205,C0094,2026-06-29,-47.42,travel,card
T00054,C0023,2026-06-30,-509.57,travel,app transfer
T00268,C0179,2026-06-30,-77.95,restaurants,app transfer
T03446,C0079,2026-06-30,-94.76,groceries,online banking
T00104,C0111,2026-06-30,-40.7,utilities,direct debit
T03250,C0041,2026-06-30,-543.23,travel,app transfer
T05794,C0168,2026-06-30,-325.53,travel,card
T01564,C0268,2026-06-30,2863.34,salary,app transfer
T00650,C0212,2026-06-30,3105.44,salary,card
T00199,C0087,2026-06-30,-47.08,insurance,online banking
T05576,C0043,2026-06-30,-59.87,insurance,card
T04077,C0196,2026-06-30,-1454.57,rent,direct debit
T02004,C0041,2026-06-30,2986.77,salary,card
T04187,C0033,2026-07-01,-65.9,restaurants,direct debit
T05081,C0124,2026-07-01,-1030.75,rent,direct debit
T04564,C0174,2026-07-01,-181.91,utilities,direct debit
T01886,C0243,2026-07-01,-35.86,groceries,online banking
T03724,C0129,2026-07-01,-25.9,restaurants,direct debit
T04060,C0080,2026-07-01,-1299.56,rent,direct debit
T05852,C0232,2026-07-01,-397.47,shopping,card
T00838,C0270,2026-07-01,-371.57,shopping,online banking
T04523,C0047,2026-07-01,-230.5,utilities,direct debit
T00677,C0146,2026-07-01,-319.58,travel,online banking
T00901,C0197,2026-07-01,-56.12,insurance,online banking
T02137,C0251,2026-07-01,-57.14,restaurants,direct debit
T03791,C0088,2026-07-01,-1196.01,rent,direct debit
T00228,C0046,2026-07-01,-70.07,groceries,direct debit
T05223,C0240,2026-07-01,-726.49,rent,direct debit
T00370,C0089,2026-07-01,-853.98,rent,direct debit
T00520,C0175,2026-07-01,-100.95,groceries,direct debit
T05956,C0024,2026-07-02,-183.24,shopping,direct debit
T01718,C0201,2026-07-02,1870.6,salary,card
T00690,C0018,2026-07-02,-104.36,groceries,direct debit
T00722,C0031,2026-07-02,-80.19,groceries,card
T04616,C0291,2026-07-02,-69.34,restaurants,online banking
T04590,C0294,2026-07-02,3029.12,salary,card
T01034,C0229,2026-07-02,-50.35,utilities,direct debit
T01094,C0205,2026-07-02,-195.57,shopping,online banking
T04820,C0277,2026-07-02,-57.69,restaurants,card
T03021,C0175,2026-07-02,-30.3,shopping,online banking
T03104,C0047,2026-07-02,-167.78,insurance,app transfer
T02579,C0168,2026-07-02,-100.38,groceries,online banking
T02914,C0206,2026-07-02,-51.14,utilities,direct debit
T02045,C0201,2026-07-02,-106.95,insurance,direct debit
T02410,C0277,2026-07-02,4291.99,salary,app transfer
T00391,C0090,2026-07-02,3897.26,salary,app transfer
T02378,C0129,2026-07-02,-728.94,rent,direct debit
T03530,C0236,2026-07-02,-83.66,insurance,card
T02595,C0185,2026-07-02,-38.38,restaurants,online banking
T00893,C0287,2026-07-03,-20.29,groceries,direct debit
T00744,C0055,2026-07-03,-1290.77,rent,direct debit
T01203,C0068,2026-07-03,-269.55,shopping,direct debit
T04010,C0117,2026-07-03,-121.95,insurance,app transfer
T00569,C0038,2026-07-03,-111.94,groceries,card
T01608,C0003,2026-07-03,-1489.4,rent,direct debit
T03219,C0218,2026-07-03,-150.93,utilities,direct debit
T05813,C0061,2026-07-03,-12.47,restaurants,card
T03525,C0255,2026-07-03,-156.08,insurance,app transfer
T00480,C0251,2026-07-03,2474.69,salary,app transfer
T02815,C0232,2026-07-03,-172.27,insurance,direct debit
T03346,C0296,2026-07-03,-421.92,travel,card
T03983,C0008,2026-07-03,-816.29,travel,card
T04769,C0153,2026-07-03,-108.11,groceries,online banking
T04199,C0258,2026-07-03,2514.85,salary,app transfer
T05050,C0014,2026-07-03,-22.68,restaurants,online banking
T05336,C0037,2026-07-03,2397.65,salary,online banking
T01892,C0258,2026-07-03,3235.38,salary,online banking
T00294,C0235,2026-07-03,-78.31,restaurants,online banking
T04787,C0150,2026-07-03,4010.54,salary,app transfer
T01241,C0010,2026-07-03,-106.66,groceries,direct debit
T05662,C0100,2026-07-03,-35.96,insurance,online banking
T00947,C0063,2026-07-03,-73.35,insurance,direct debit
T00551,C0294,2026-07-03,-31.66,insurance,direct debit
T04164,C0126,2026-07-03,-97.82,travel,app transfer
T00375,C0196,2026-07-03,-61.72,groceries,online banking
T03113,C0016,2026-07-04,-304.67,shopping,online banking
T05527,C0251,2026-07-04,-35.21,restaurants,direct debit
T00739,C0032,2026-07-04,-109.28,insurance,online banking
T04624,C0130,2026-07-04,-33.53,restaurants,card
T05735,C0168,2026-07-04,-199.54,shopping,app transfer
T00639,C0019,2026-07-04,-245.76,travel,card
T03318,C0245,2026-07-04,-35.6,groceries,online banking
T03303,C0085,2026-07-04,-109.52,groceries,direct debit
T00675,C0185,2026-07-04,-228.54,shopping,direct debit
T00410,C0028,2026-07-04,-43.28,travel,card
T01221,C0156,2026-07-04,-130.51,insurance,online banking
T00586,C0142,2026-07-04,-777.59,rent,direct debit
T00496,C0149,2026-07-04,-97.78,groceries,direct debit
T04212,C0027,2026-07-04,3338.17,salary,app transfer
T01508,C0123,2026-07-04,2704.29,salary,online banking
T02614,C0156,2026-07-04,-132.03,utilities,direct debit
T00192,C0134,2026-07-04,-210.0,shopping,online banking
T01513,C0009,2026-07-04,2141.73,salary,direct debit
T01633,C0170,2026-07-04,-677.51,travel,direct debit
T02322,C0182,2026-07-04,-85.77,restaurants,card
T01184,C0144,2026-07-04,-168.2,insurance,direct debit
T00050,C0269,2026-07-04,-17.28,restaurants,card
T03946,C0293,2026-07-04,-27.33,restaurants,card
T03448,C0110,2026-07-04,-180.76,shopping,app transfer
T01692,C0009,2026-07-05,-152.84,utilities,direct debit
T01148,C0075,2026-07-05,-195.34,shopping,direct debit
T01711,C0040,2026-07-05,-59.05,restaurants,direct debit
T04104,C0063,2026-07-05,-81.48,insurance,direct debit
T03223,C0064,2026-07-05,-1233.54,rent,direct debit
T02550,C0164,2026-07-05,-66.45,restaurants,card
T03041,C0167,2026-07-05,-173.04,utilities,direct debit
T01743,C0032,2026-07-05,-1400.08,rent,direct debit
T03481,C0024,2026-07-05,-373.61,travel,card
T00026,C0010,2026-07-05,3666.06,salary,app transfer
T00682,C0228,2026-07-05,-301.68,shopping,online banking
T03623,C0024,2026-07-05,-70.95,insurance,card
T01248,C0106,2026-07-05,-24.25,restaurants,direct debit
T01979,C0141,2026-07-05,-38.1,groceries,direct debit
T04916,C0011,2026-07-05,-130.92,insurance,online banking
T05913,C0091,2026-07-05,3255.21,salary,online banking
T03371,C0274,2026-07-05,-181.46,utilities,direct debit
T05749,C0212,2026-07-05,-243.27,utilities,direct debit
T05273,C0183,2026-07-05,3971.4,salary,card
T02329,C0093,2026-07-06,-796.01,travel,card
T05073,C0138,2026-07-06,-221.7,utilities,direct debit
T02408,C0134,2026-07-06,-1413.25,rent,direct debit
T05942,C0241,2026-07-06,-817.84,travel,online banking
T03092,C0008,2026-07-06,-697.5,travel,online banking
T04889,C0127,2026-07-06,1929.99,salary,app transfer
T01091,C0034,2026-07-06,-878.68,travel,direct debit
T00584,C0290,2026-07-06,-734.62,travel,online banking
T01841,C0113,2026-07-06,-371.6,travel,online banking
T02246,C0133,2026-07-06,-88.77,groceries,online banking
T02176,C0274,2026-07-06,4198.49,salary,app transfer
T03179,C0167,2026-07-06,-644.12,travel,app transfer
T04913,C0195,2026-07-06,-208.8,travel,online banking
T04734,C0188,2026-07-06,-201.23,utilities,direct debit
T01795,C0111,2026-07-06,-138.72,travel,app transfer
T01627,C0138,2026-07-06,-33.88,restaurants,direct debit
T04080,C0296,2026-07-06,-183.34,utilities,direct debit
T00517,C0175,2026-07-06,-152.05,insurance,app transfer
T04424,C0259,2026-07-06,4426.63,salary,direct debit
T00388,C0270,2026-07-06,-86.92,restaurants,direct debit
T03457,C0041,2026-07-06,1905.51,salary,app transfer
T01868,C0130,2026-07-06,-93.4,insurance,direct debit
T02493,C0238,2026-07-06,-970.91,rent,direct debit
T00730,C0010,2026-07-06,-707.37,travel,app transfer
T04407,C0074,2026-07-06,-23.15,groceries,direct debit
T05820,C0102,2026-07-06,4373.85,salary,card
T03598,C0148,2026-07-06,-103.52,groceries,app transfer
T01120,C0154,2026-07-06,-873.71,travel,app transfer
T00280,C0138,2026-07-07,-54.28,restaurants,card
T03473,C0182,2026-07-07,-80.12,groceries,app transfer
T02527,C0172,2026-07-07,-1412.99,rent,direct debit
T00903,C0211,2026-07-07,-23.05,shopping,card
T03033,C0075,2026-07-07,-235.92,shopping,app transfer
T00737,C0026,2026-07-07,-96.08,shopping,card
T03420,C0136,2026-07-07,-37.84,groceries,app transfer
T05932,C0053,2026-07-07,-47.29,insurance,online banking
T00592,C0077,2026-07-07,-82.8,insurance,direct debit
T02969,C0026,2026-07-07,3662.66,salary,app transfer
T03554,C0096,2026-07-07,-126.67,insurance,direct debit
T03125,C0190,2026-07-07,-674.38,rent,direct debit
T04912,C0009,2026-07-07,-25.06,groceries,direct debit
T02124,C0087,2026-07-07,3105.88,salary,online banking
T02807,C0150,2026-07-07,-623.72,travel,direct debit
T05034,C0153,2026-07-07,-693.89,rent,direct debit
T02338,C0166,2026-07-07,-862.94,travel,card
T03508,C0003,2026-07-07,-110.49,insurance,online banking
T01167,C0046,2026-07-08,-186.31,travel,card
T00033,C0100,2026-07-08,-128.53,insurance,online banking
T02980,C0067,2026-07-08,-1336.14,rent,direct debit
T00442,C0141,2026-07-08,-211.17,utilities,direct debit
T01511,C0128,2026-07-08,-186.25,shopping,online banking
T01163,C0213,2026-07-08,-26.19,restaurants,online banking
T03624,C0035,2026-07-08,-114.37,travel,direct debit
T05402,C0123,2026-07-08,-160.67,insurance,direct debit
T01954,C0061,2026-07-08,-76.29,insurance,direct debit
T01995,C0083,2026-07-08,-13.0,groceries,app transfer
T01391,C0210,2026-07-08,-1414.28,rent,direct debit
T02752,C0237,2026-07-08,-68.41,restaurants,app transfer
T05457,C0102,2026-07-08,-149.95,utilities,direct debit
T01359,C0150,2026-07-08,1880.27,salary,app transfer
T02606,C0298,2026-07-08,-51.71,restaurants,app transfer
T04584,C0170,2026-07-08,-83.9,restaurants,direct debit
T02763,C0038,2026-07-08,-215.23,utilities,direct debit
T01527,C0294,2026-07-08,-21.94,restaurants,direct debit
T00116,C0009,2026-07-08,-73.0,insurance,card
T03741,C0015,2026-07-08,-532.53,travel,app transfer
T04833,C0113,2026-07-08,-30.18,insurance,app transfer
T01013,C0232,2026-07-08,-321.96,shopping,card
T05925,C0296,2026-07-08,-121.76,insurance,app transfer
T05321,C0086,2026-07-08,-705.9,travel,app transfer
T00154,C0152,2026-07-08,-59.94,restaurants,app transfer
T02988,C0056,2026-07-08,-83.12,utilities,direct debit
T03355,C0157,2026-07-08,-121.23,shopping,online banking
T04089,C0052,2026-07-08,-823.97,travel,online banking
T03569,C0123,2026-07-08,-708.15,travel,card
T00629,C0092,2026-07-09,-109.46,insurance,online banking
T02921,C0112,2026-07-09,-51.31,utilities,direct debit
T02241,C0114,2026-07-09,-71.12,groceries,direct debit
T05168,C0242,2026-07-09,-52.56,utilities,direct debit
T02409,C0221,2026-07-09,-152.16,shopping,app transfer
T04489,C0131,2026-07-09,-118.18,utilities,direct debit
T03503,C0235,2026-07-09,-344.2,travel,app transfer
T02480,C0165,2026-07-09,-73.05,travel,card
T01174,C0128,2026-07-09,-113.26,insurance,online banking
T03465,C0208,2026-07-09,-110.97,groceries,direct debit
T02019,C0004,2026-07-09,-619.56,travel,online banking
T02699,C0021,2026-07-09,-278.55,travel,direct debit
T00186,C0231,2026-07-09,-19.21,restaurants,app transfer
T04101,C0223,2026-07-09,-310.96,shopping,online banking
T03231,C0034,2026-07-09,-182.7,shopping,direct debit
T04865,C0288,2026-07-09,-110.73,groceries,direct debit
T01282,C0287,2026-07-09,-832.66,travel,card
T05393,C0146,2026-07-10,-134.22,insurance,online banking
T05083,C0013,2026-07-10,-109.96,utilities,direct debit
T02734,C0106,2026-07-10,-43.12,insurance,card
T01269,C0031,2026-07-10,-32.26,restaurants,direct debit
T04536,C0045,2026-07-10,-50.3,utilities,direct debit
T05603,C0191,2026-07-10,-776.03,travel,app transfer
T05638,C0231,2026-07-10,-714.96,rent,direct debit
T04160,C0040,2026-07-10,-707.9,travel,direct debit
T01571,C0099,2026-07-10,-229.82,shopping,app transfer
T02074,C0202,2026-07-10,-142.03,insurance,card
T04467,C0071,2026-07-10,-1190.72,rent,direct debit
T00720,C0080,2026-07-10,-143.33,insurance,app transfer
T02958,C0276,2026-07-10,-29.16,insurance,card
T02769,C0239,2026-07-10,-161.18,insurance,online banking
T03614,C0109,2026-07-10,2728.56,salary,online banking
T00301,C0043,2026-07-10,-269.16,shopping,app transfer
T03526,C0125,2026-07-10,-67.99,restaurants,card
T03389,C0097,2026-07-10,-159.65,shopping,card
T01809,C0191,2026-07-10,-61.91,utilities,direct debit
T01253,C0137,2026-07-10,-67.79,restaurants,online banking
T05666,C0020,2026-07-10,-159.07,shopping,online banking
T04330,C0096,2026-07-10,-166.62,insurance,online banking
T02830,C0176,2026-07-10,3589.61,salary,card
T05240,C0009,2026-07-10,-652.33,travel,direct debit
T04132,C0279,2026-07-10,-138.06,travel,direct debit
T05124,C0152,2026-07-10,3107.1,salary,direct debit
T03323,C0168,2026-07-10,-243.8,shopping,online banking
T02685,C0006,2026-07-10,-706.99,rent,direct debit
T02771,C0152,2026-07-11,-16.14,restaurants,online banking
T04800,C0109,2026-07-11,-166.18,utilities,direct debit
T00986,C0199,2026-07-11,-157.31,travel,app transfer
T04630,C0271,2026-07-11,-64.23,groceries,card
T01054,C0062,2026-07-11,-102.0,insurance,card
T05718,C0176,2026-07-11,-1543.12,rent,direct debit
T04191,C0065,2026-07-11,-130.79,insurance,direct debit
T05438,C0074,2026-07-11,-652.45,rent,direct debit
T01459,C0071,2026-07-11,-63.86,groceries,app transfer
T01994,C0209,2026-07-11,3229.15,salary,direct debit
T03487,C0298,2026-07-11,-346.14,shopping,card
T00252,C0229,2026-07-11,-116.05,utilities,direct debit
T05241,C0176,2026-07-11,-665.94,rent,direct debit
T02682,C0229,2026-07-11,-152.62,utilities,direct debit
T00855,C0058,2026-07-11,-715.05,travel,app transfer
T00698,C0004,2026-07-11,-71.49,utilities,direct debit
T02695,C0099,2026-07-11,-51.77,groceries,app transfer
T01146,C0252,2026-07-11,-86.36,groceries,card
T02149,C0130,2026-07-11,-162.21,utilities,direct debit
T02608,C0137,2026-07-11,-209.24,shopping,app transfer
T02061,C0083,2026-07-11,-139.29,shopping,app transfer
T02158,C0285,2026-07-11,-44.25,travel,app transfer
T02658,C0199,2026-07-11,3937.19,salary,online banking
T05423,C0093,2026-07-11,-181.02,utilities,direct debit
T02314,C0064,2026-07-12,-24.07,insurance,app transfer
T02209,C0121,2026-07-12,-167.39,insurance,app transfer
T02673,C0091,2026-07-12,-691.68,rent,direct debit
T01536,C0150,2026-07-12,-29.41,insurance,direct debit
T04313,C0128,2026-07-12,-80.69,groceries,online banking
T01545,C0076,2026-07-12,-86.13,restaurants,online banking
T00291,C0213,2026-07-12,-186.28,shopping,card
T03514,C0281,2026-07-12,-59.48,restaurants,app transfer
T05262,C0284,2026-07-12,-324.05,travel,card
T00024,C0287,2026-07-12,-260.96,shopping,direct debit
T02160,C0242,2026-07-12,-212.9,utilities,direct debit
T04803,C0051,2026-07-12,-788.91,rent,direct debit
T04445,C0236,2026-07-12,-1236.45,rent,direct debit
T00347,C0001,2026-07-12,2207.68,salary,direct debit
T03790,C0201,2026-07-12,-357.03,travel,online banking
T03288,C0145,2026-07-12,-1014.54,rent,direct debit
T00167,C0194,2026-07-12,-32.84,insurance,app transfer
T02381,C0288,2026-07-12,-117.06,insurance,online banking
T01306,C0133,2026-07-12,1957.74,salary,card
T00124,C0270,2026-07-12,-70.2,insurance,app transfer
T00451,C0217,2026-07-12,-342.12,shopping,online banking
T00968,C0052,2026-07-12,-708.79,travel,card
T01326,C0181,2026-07-12,-76.54,restaurants,direct debit
T04518,C0182,2026-07-13,-195.39,utilities,direct debit
T00512,C0282,2026-07-13,-118.72,utilities,direct debit
T05900,C0296,2026-07-13,-713.55,travel,app transfer
T03286,C0171,2026-07-13,-107.89,utilities,direct debit
T05165,C0002,2026-07-13,-175.61,shopping,app transfer
T01117,C0163,2026-07-13,-71.88,groceries,direct debit
T02460,C0212,2026-07-13,-914.18,rent,direct debit
T05647,C0051,2026-07-13,-138.93,utilities,direct debit
T04602,C0064,2026-07-13,-178.39,insurance,online banking
T01108,C0254,2026-07-13,-250.61,shopping,direct debit
T02936,C0243,2026-07-13,-46.56,travel,direct debit
T00187,C0138,2026-07-13,-83.45,groceries,card
T03613,C0030,2026-07-13,-823.89,rent,direct debit
T01583,C0074,2026-07-13,-528.1,travel,direct debit
T03643,C0249,2026-07-13,3764.82,salary,direct debit
T04113,C0229,2026-07-13,-84.52,groceries,app transfer
T02965,C0126,2026-07-13,-144.69,shopping,direct debit
T04462,C0122,2026-07-13,-97.33,groceries,direct debit
T02780,C0079,2026-07-13,-37.75,restaurants,online banking
T04649,C0191,2026-07-13,-23.66,groceries,card
T04240,C0116,2026-07-13,2226.42,salary,app transfer
T01706,C0268,2026-07-13,-88.28,restaurants,app transfer
T01667,C0052,2026-07-13,-51.01,groceries,card
T01928,C0231,2026-07-13,-22.39,restaurants,app transfer
T03533,C0153,2026-07-13,-158.43,insurance,card
T02986,C0241,2026-07-13,-36.0,restaurants,direct debit
T05890,C0205,2026-07-13,-188.59,utilities,direct debit
T05707,C0154,2026-07-13,-143.98,insurance,direct debit
T03003,C0126,2026-07-13,-45.39,groceries,online banking
T02445,C0223,2026-07-13,-728.27,rent,direct debit
T05054,C0068,2026-07-13,-91.15,groceries,app transfer
T02333,C0024,2026-07-13,-1374.38,rent,direct debit
T05037,C0227,2026-07-13,3240.29,salary,card
T05209,C0261,2026-07-13,-1359.85,rent,direct debit
T00400,C0253,2026-07-13,-983.67,rent,direct debit
T03734,C0192,2026-07-13,-93.79,groceries,direct debit
T01624,C0027,2026-07-14,-43.77,restaurants,direct debit
T02316,C0106,2026-07-14,-159.85,utilities,direct debit
T04719,C0252,2026-07-14,3704.68,salary,online banking
T02249,C0248,2026-07-14,-52.24,travel,card
T01596,C0254,2026-07-14,-811.96,rent,direct debit
T02867,C0133,2026-07-14,-899.38,travel,direct debit
T03552,C0044,2026-07-14,-112.83,shopping,app transfer
T05490,C0223,2026-07-14,-89.04,groceries,app transfer
T03952,C0277,2026-07-14,-154.6,utilities,direct debit
T03387,C0223,2026-07-14,-38.34,insurance,card
T04283,C0014,2026-07-14,-115.81,insurance,card
T00222,C0096,2026-07-14,-731.41,rent,direct debit
T00191,C0145,2026-07-14,3241.12,salary,direct debit
T03655,C0292,2026-07-14,-231.56,travel,app transfer
T02731,C0197,2026-07-14,-59.8,travel,direct debit
T05368,C0180,2026-07-14,-1391.13,rent,direct debit
T05679,C0079,2026-07-14,-84.05,groceries,card
T02321,C0004,2026-07-14,-97.98,groceries,online banking
T05320,C0170,2026-07-14,-1304.33,rent,direct debit
T00504,C0093,2026-07-14,-144.67,insurance,card
T00129,C0063,2026-07-14,-359.35,shopping,online banking
T05086,C0148,2026-07-14,-241.51,utilities,direct debit
T05297,C0009,2026-07-14,-691.72,rent,direct debit
T00663,C0108,2026-07-14,-73.07,groceries,direct debit
T01951,C0274,2026-07-14,-180.03,utilities,direct debit
T01316,C0129,2026-07-14,-399.7,shopping,app transfer
T02481,C0004,2026-07-15,-30.75,utilities,direct debit
T02764,C0212,2026-07-15,-41.32,restaurants,direct debit
T00758,C0020,2026-07-15,-40.61,shopping,card
T02586,C0229,2026-07-15,-517.53,travel,online banking
T03967,C0058,2026-07-15,4399.95,salary,card
T03567,C0191,2026-07-15,3427.9,salary,online banking
T03861,C0143,2026-07-15,-203.66,shopping,online banking
T00557,C0165,2026-07-15,-110.58,groceries,card
T04861,C0296,2026-07-15,-23.67,insurance,app transfer
T03379,C0046,2026-07-15,-87.57,groceries,app transfer
T00034,C0145,2026-07-15,-100.47,insurance,online banking
T04711,C0279,2026-07-15,-42.93,utilities,direct debit
T01464,C0114,2026-07-15,-144.72,utilities,direct debit
T05159,C0246,2026-07-15,-186.45,utilities,direct debit
T01524,C0194,2026-07-15,2734.42,salary,online banking
T01781,C0293,2026-07-15,-13.97,restaurants,app transfer
T03729,C0134,2026-07-15,2205.01,salary,app transfer
T00760,C0006,2026-07-15,-41.91,utilities,direct debit
T00678,C0041,2026-07-15,-118.19,insurance,online banking
T02373,C0021,2026-07-15,-336.81,shopping,direct debit
T01392,C0140,2026-07-15,4433.26,salary,online banking
T03046,C0048,2026-07-15,-233.44,shopping,direct debit
T03261,C0211,2026-07-15,-86.53,restaurants,app transfer
T05672,C0018,2026-07-15,-147.95,insurance,online banking
T03675,C0156,2026-07-15,-1532.46,rent,direct debit
T05082,C0206,2026-07-15,-834.35,travel,online banking
T00790,C0045,2026-07-15,-487.82,travel,app transfer
T02743,C0019,2026-07-15,-110.21,utilities,direct debit
T01969,C0143,2026-07-16,-63.48,groceries,online banking
T04535,C0002,2026-07-16,-118.63,utilities,direct debit
T01006,C0057,2026-07-16,-48.95,groceries,card
T04600,C0295,2026-07-16,-87.19,groceries,app transfer
T00429,C0136,2026-07-16,-1272.05,rent,direct debit
T04926,C0130,2026-07-16,-30.91,restaurants,online banking
T01925,C0090,2026-07-16,-70.95,restaurants,online banking
T00881,C0247,2026-07-16,-96.81,travel,app transfer
T00946,C0002,2026-07-16,-239.91,utilities,direct debit
T02023,C0166,2026-07-16,-134.25,shopping,app transfer
T04495,C0043,2026-07-16,-1030.74,rent,direct debit
T04109,C0093,2026-07-16,-27.97,insurance,app transfer
T04100,C0117,2026-07-16,-56.22,travel,direct debit
T03139,C0234,2026-07-16,-569.52,travel,card
T01677,C0116,2026-07-16,-277.84,shopping,card
T01425,C0235,2026-07-16,-1515.29,rent,direct debit
T01521,C0168,2026-07-16,-699.03,travel,app transfer
T04326,C0006,2026-07-16,-398.58,travel,card
T02724,C0088,2026-07-16,-74.69,utilities,direct debit
T05945,C0078,2026-07-16,2709.61,salary,direct debit
T01968,C0143,2026-07-16,-127.16,shopping,card
T01150,C0130,2026-07-16,-98.04,utilities,direct debit
T04841,C0168,2026-07-16,-1157.14,rent,direct debit
T01176,C0109,2026-07-16,-1323.03,rent,direct debit
T04662,C0091,2026-07-16,1849.04,salary,online banking
T02177,C0273,2026-07-16,-1476.8,rent,direct debit
T04025,C0154,2026-07-16,-211.55,utilities,direct debit
T01838,C0240,2026-07-17,-71.34,utilities,direct debit
T02729,C0223,2026-07-17,-184.0,shopping,app transfer
T03570,C0093,2026-07-17,-57.79,shopping,direct debit
T05722,C0110,2026-07-17,2562.39,salary,online banking
T03364,C0017,2026-07-17,-163.95,utilities,direct debit
T00712,C0128,2026-07-17,-72.16,restaurants,online banking
T04257,C0288,2026-07-17,-23.27,insurance,app transfer
T00060,C0226,2026-07-17,-972.08,rent,direct debit
T03649,C0104,2026-07-17,-1496.0,rent,direct debit
T04981,C0089,2026-07-17,-263.97,shopping,online banking
T03562,C0202,2026-07-17,-373.17,shopping,online banking
T05267,C0133,2026-07-17,-26.75,restaurants,app transfer
T04595,C0246,2026-07-17,-282.63,shopping,card
T00317,C0254,2026-07-17,-54.8,utilities,direct debit
T02107,C0194,2026-07-17,-1320.93,rent,direct debit
T03622,C0188,2026-07-17,-30.12,insurance,direct debit
T03713,C0026,2026-07-17,-150.31,shopping,app transfer
T05705,C0020,2026-07-18,-1534.47,rent,direct debit
T00020,C0145,2026-07-18,3396.32,salary,direct debit
T00731,C0033,2026-07-18,3987.35,salary,online banking
T03994,C0133,2026-07-18,-59.19,insurance,card
T00528,C0054,2026-07-18,-605.47,travel,direct debit
T00380,C0113,2026-07-18,-47.74,groceries,app transfer
T05446,C0011,2026-07-18,-202.62,utilities,direct debit
T02526,C0195,2026-07-18,-25.76,insurance,direct debit
T03484,C0280,2026-07-18,-67.94,restaurants,online banking
T04090,C0187,2026-07-18,-131.73,insurance,online banking
T02668,C0141,2026-07-18,-148.21,insurance,card
T00788,C0132,2026-07-18,-107.73,groceries,card
T03756,C0022,2026-07-18,-27.9,groceries,online banking
T00542,C0196,2026-07-18,-54.66,groceries,direct debit
T00566,C0209,2026-07-18,-185.94,shopping,online banking
T04435,C0170,2026-07-18,-1490.92,rent,direct debit
T00811,C0286,2026-07-18,-65.81,groceries,card
T04266,C0024,2026-07-18,3229.03,salary,app transfer
T00414,C0279,2026-07-18,-26.42,restaurants,online banking
T05486,C0086,2026-07-18,-627.49,travel,app transfer
T02161,C0050,2026-07-18,-58.27,utilities,direct debit
T03431,C0038,2026-07-19,-1544.52,rent,direct debit
T02843,C0121,2026-07-19,-55.74,restaurants,direct debit
T05078,C0174,2026-07-19,2278.7,salary,app transfer
T03953,C0039,2026-07-19,-99.3,insurance,app transfer
T02577,C0231,2026-07-19,-72.64,restaurants,direct debit
T05044,C0065,2026-07-19,-164.52,insurance,direct debit
T01143,C0169,2026-07-19,2324.23,salary,app transfer
T03636,C0225,2026-07-19,-620.46,travel,card
T00633,C0083,2026-07-19,-116.03,groceries,card
T02439,C0233,2026-07-19,2383.03,salary,card
T04589,C0131,2026-07-19,-48.27,insurance,card
T04736,C0080,2026-07-19,-84.67,insurance,direct debit
T00954,C0251,2026-07-19,-43.86,utilities,direct debit
T00951,C0154,2026-07-19,-227.22,utilities,direct debit
T02305,C0004,2026-07-19,-17.36,shopping,app transfer
T04694,C0054,2026-07-19,-20.03,groceries,direct debit
T01913,C0062,2026-07-19,-21.76,insurance,direct debit
T05442,C0257,2026-07-19,-75.49,restaurants,app transfer
T04903,C0259,2026-07-19,-51.75,insurance,card
T02824,C0130,2026-07-19,-28.89,groceries,online banking
T03122,C0176,2026-07-19,-184.2,travel,app transfer
T01751,C0293,2026-07-19,2277.86,salary,app transfer
T04550,C0262,2026-07-19,4047.35,salary,app transfer
T01939,C0129,2026-07-19,-284.28,shopping,card
T00943,C0020,2026-07-19,-37.84,groceries,direct debit
T00224,C0079,2026-07-19,-950.84,rent,direct debit
T03105,C0230,2026-07-19,-1103.72,rent,direct debit
T02361,C0152,2026-07-19,-1505.91,rent,direct debit
T05693,C0182,2026-07-19,-115.99,shopping,online banking
T00572,C0070,2026-07-20,-205.29,utilities,direct debit
T00023,C0159,2026-07-20,4151.83,salary,card
T01409,C0105,2026-07-20,-710.52,rent,direct debit
T01228,C0151,2026-07-20,-41.2,utilities,direct debit
T05301,C0224,2026-07-20,1900.07,salary,direct debit
T04932,C0011,2026-07-20,-611.1,travel,card
T04204,C0042,2026-07-20,4044.31,salary,app transfer
T01539,C0281,2026-07-20,-45.79,groceries,online banking
T01538,C0250,2026-07-20,-297.23,travel,app transfer
T04984,C0157,2026-07-20,-378.95,shopping,direct debit
T04245,C0047,2026-07-20,-664.46,travel,app transfer
T00926,C0300,2026-07-20,-189.83,shopping,app transfer
T01774,C0285,2026-07-20,-72.39,utilities,direct debit
T03005,C0110,2026-07-20,-49.21,groceries,direct debit
T01540,C0201,2026-07-20,4306.08,salary,direct debit
T02832,C0272,2026-07-20,-356.94,shopping,app transfer
T00393,C0294,2026-07-20,-103.28,groceries,card
T05087,C0153,2026-07-20,-355.44,shopping,app transfer
T04008,C0077,2026-07-20,-23.76,groceries,direct debit
T02810,C0088,2026-07-20,-211.32,utilities,direct debit
T00710,C0137,2026-07-20,-16.0,groceries,online banking
T02618,C0235,2026-07-20,2875.1,salary,app transfer
T01778,C0296,2026-07-20,-77.76,restaurants,direct debit
T03312,C0095,2026-07-21,2808.21,salary,direct debit
T03182,C0083,2026-07-21,-93.77,utilities,direct debit
T04110,C0133,2026-07-21,2649.82,salary,online banking
T03678,C0171,2026-07-21,-158.29,insurance,online banking
T02649,C0268,2026-07-21,-858.12,rent,direct debit
T02814,C0017,2026-07-21,-342.34,shopping,app transfer
T04832,C0220,2026-07-21,-291.84,travel,online banking
T01599,C0292,2026-07-21,-32.36,groceries,direct debit
T00110,C0050,2026-07-21,-360.95,travel,direct debit
T00523,C0062,2026-07-21,-77.43,utilities,direct debit
T05602,C0175,2026-07-21,-129.16,shopping,card
T04944,C0214,2026-07-21,-67.49,utilities,direct debit
T00996,C0272,2026-07-21,-1105.31,rent,direct debit
T03132,C0108,2026-07-21,3669.53,salary,direct debit
T01259,C0032,2026-07-21,-1371.23,rent,direct debit
T04173,C0171,2026-07-21,-70.09,insurance,app transfer
T05781,C0182,2026-07-21,-863.74,travel,online banking
T03716,C0198,2026-07-21,2452.73,salary,direct debit
T01541,C0100,2026-07-21,-47.95,shopping,direct debit
T00762,C0026,2026-07-21,-875.09,travel,card
T04374,C0196,2026-07-21,-199.17,utilities,direct debit
T00808,C0161,2026-07-21,-1230.93,rent,direct debit
T02060,C0275,2026-07-22,-779.36,travel,app transfer
T03258,C0255,2026-07-22,-315.5,shopping,online banking
T03797,C0225,2026-07-22,-49.79,restaurants,card
T02544,C0084,2026-07-22,-169.77,utilities,direct debit
T04153,C0232,2026-07-22,-1263.59,rent,direct debit
T01332,C0101,2026-07-22,-20.43,groceries,direct debit
T02155,C0235,2026-07-22,4053.58,salary,card
T01318,C0046,2026-07-22,-282.39,shopping,app transfer
T00767,C0250,2026-07-22,-173.49,utilities,direct debit
T05340,C0057,2026-07-22,-95.84,groceries,card
T00810,C0266,2026-07-22,-246.44,utilities,direct debit
T05949,C0217,2026-07-22,-138.65,insurance,online banking
T02767,C0155,2026-07-22,-250.26,travel,card
T00361,C0183,2026-07-22,-142.96,utilities,direct debit
T04530,C0267,2026-07-22,2619.91,salary,direct debit
T03501,C0086,2026-07-22,-28.11,shopping,app transfer
T01293,C0120,2026-07-22,-972.05,rent,direct debit
T04689,C0111,2026-07-22,-99.91,groceries,direct debit
T03528,C0130,2026-07-22,-837.19,rent,direct debit
T05737,C0277,2026-07-22,-43.01,restaurants,app transfer
T00431,C0020,2026-07-22,-1495.1,rent,direct debit
T05793,C0108,2026-07-22,-959.93,rent,direct debit
T03605,C0080,2026-07-22,-19.78,restaurants,app transfer
T01090,C0074,2026-07-22,-43.25,restaurants,card
T02117,C0246,2026-07-23,-27.13,shopping,direct debit
T04685,C0227,2026-07-23,-81.74,shopping,direct debit
T03359,C0225,2026-07-23,-142.27,insurance,app transfer
T05702,C0251,2026-07-23,3848.12,salary,card
T01549,C0124,2026-07-23,-50.11,restaurants,app transfer
T03018,C0200,2026-07-23,2111.74,salary,card
T05784,C0186,2026-07-23,-115.1,groceries,card
T02629,C0034,2026-07-23,-179.16,utilities,direct debit
T00081,C0159,2026-07-23,-89.97,restaurants,online banking
T01472,C0185,2026-07-23,-41.46,restaurants,online banking
T05772,C0092,2026-07-23,-1025.51,rent,direct debit
T02063,C0257,2026-07-23,-73.72,restaurants,card
T03008,C0119,2026-07-23,-146.58,utilities,direct debit
T01140,C0047,2026-07-23,1953.46,salary,app transfer
T05450,C0097,2026-07-23,-89.49,restaurants,app transfer
T03287,C0298,2026-07-23,-49.08,insurance,card
T00685,C0086,2026-07-23,-52.66,utilities,direct debit
T04960,C0230,2026-07-23,-48.84,utilities,direct debit
T05532,C0118,2026-07-23,-14.21,groceries,direct debit
T04955,C0246,2026-07-23,-159.16,insurance,app transfer
T02170,C0084,2026-07-23,-626.81,travel,card
T05135,C0241,2026-07-24,-66.39,groceries,direct debit
T05626,C0172,2026-07-24,-1370.81,rent,direct debit
T04320,C0142,2026-07-24,3389.99,salary,app transfer
T04498,C0268,2026-07-24,-71.6,insurance,direct debit
T01799,C0263,2026-07-24,-1526.23,rent,direct debit
T03943,C0280,2026-07-24,-425.84,travel,app transfer
T03273,C0037,2026-07-24,-108.15,groceries,direct debit
T00097,C0177,2026-07-24,4146.93,salary,direct debit
T04909,C0180,2026-07-24,-1032.5,rent,direct debit
T05587,C0295,2026-07-24,-159.25,utilities,direct debit
T01432,C0176,2026-07-24,-1462.98,rent,direct debit
T03294,C0274,2026-07-24,-217.75,shopping,app transfer
T00756,C0293,2026-07-24,-56.39,restaurants,app transfer
T03401,C0052,2026-07-24,2841.88,salary,direct debit
T01166,C0026,2026-07-25,-571.48,travel,direct debit
T02368,C0072,2026-07-25,-58.15,shopping,app transfer
T04695,C0059,2026-07-25,-94.92,groceries,app transfer
T02639,C0090,2026-07-25,-1003.5,rent,direct debit
T01122,C0294,2026-07-25,-323.8,shopping,card
T05537,C0069,2026-07-25,-136.79,utilities,direct debit
T03744,C0298,2026-07-25,3872.0,salary,app transfer
T05984,C0284,2026-07-25,-779.3,rent,direct debit
T00964,C0173,2026-07-25,-958.02,rent,direct debit
T03823,C0217,2026-07-25,2290.05,salary,direct debit
T00667,C0187,2026-07-25,3745.0,salary,app transfer
T02457,C0191,2026-07-25,-39.85,utilities,direct debit
T01602,C0096,2026-07-25,3542.76,salary,card
T05924,C0039,2026-07-25,-113.16,utilities,direct debit
T03647,C0255,2026-07-25,-932.86,rent,direct debit
T03070,C0177,2026-07-25,-53.92,utilities,direct debit
T04557,C0004,2026-07-25,-82.08,insurance,card
T00365,C0102,2026-07-25,-360.13,travel,card
T04645,C0049,2026-07-25,-55.53,groceries,app transfer
T00175,C0023,2026-07-25,-126.57,utilities,direct debit
T03916,C0254,2026-07-25,-897.12,rent,direct debit
T04958,C0236,2026-07-25,-187.83,travel,app transfer
T05454,C0088,2026-07-25,2351.1,salary,app transfer
T05104,C0229,2026-07-25,-62.86,restaurants,online banking
T03758,C0199,2026-07-25,3739.22,salary,online banking
T01126,C0213,2026-07-25,-85.28,utilities,direct debit
T01739,C0103,2026-07-25,-962.28,rent,direct debit
T00636,C0197,2026-07-25,-76.76,groceries,direct debit
T04345,C0287,2026-07-25,-58.79,shopping,card
T00247,C0299,2026-07-25,-105.5,insurance,online banking
T03244,C0103,2026-07-25,-78.24,shopping,app transfer
T04460,C0204,2026-07-25,-112.0,groceries,online banking
T02191,C0217,2026-07-25,-18.73,shopping,direct debit
T04765,C0123,2026-07-26,-242.54,shopping,card
T02735,C0087,2026-07-26,-846.77,rent,direct debit
T04127,C0108,2026-07-26,-139.93,insurance,app transfer
T02760,C0203,2026-07-26,-162.21,insurance,online banking
T03279,C0154,2026-07-26,-19.14,restaurants,card
T02777,C0230,2026-07-26,-45.41,groceries,online banking
T02204,C0131,2026-07-26,-680.65,rent,direct debit
T01548,C0077,2026-07-26,-882.75,rent,direct debit
T05352,C0137,2026-07-26,-121.28,insurance,app transfer
T02424,C0049,2026-07-26,-56.77,restaurants,online banking
T04705,C0061,2026-07-26,-1520.18,rent,direct debit
T02875,C0052,2026-07-26,-303.4,shopping,card
T02279,C0003,2026-07-26,-702.54,rent,direct debit
T00553,C0213,2026-07-26,-119.07,travel,app transfer
T01776,C0089,2026-07-26,-1508.96,rent,direct debit
T03248,C0103,2026-07-26,-64.45,utilities,direct debit
T02098,C0189,2026-07-26,-374.38,shopping,app transfer
T02441,C0097,2026-07-26,-26.65,insurance,card
T05337,C0058,2026-07-26,-181.83,shopping,online banking
T01264,C0177,2026-07-27,-144.06,insurance,direct debit
T03969,C0221,2026-07-27,-894.3,travel,direct debit
T01855,C0116,2026-07-27,-162.84,shopping,card
T05703,C0014,2026-07-27,-62.23,restaurants,direct debit
T05177,C0241,2026-07-27,-37.59,restaurants,direct debit
T05131,C0097,2026-07-27,-737.54,travel,card
T02801,C0110,2026-07-27,-1058.6,rent,direct debit
T02393,C0047,2026-07-27,-36.41,restaurants,online banking
T00895,C0196,2026-07-27,3469.77,salary,app transfer
T02761,C0296,2026-07-27,2470.6,salary,online banking
T05408,C0222,2026-07-27,-217.23,utilities,direct debit
T02888,C0059,2026-07-27,-74.16,groceries,direct debit
T01709,C0161,2026-07-27,-152.36,insurance,app transfer
T03333,C0133,2026-07-27,2135.11,salary,app transfer
T03120,C0175,2026-07-27,-24.82,restaurants,card
T04434,C0154,2026-07-27,-1201.7,rent,direct debit
T04279,C0088,2026-07-27,-239.05,shopping,app transfer
T00094,C0126,2026-07-27,-67.59,insurance,card
T02736,C0181,2026-07-27,3759.82,salary,direct debit
T04417,C0204,2026-07-27,4076.37,salary,app transfer
T01133,C0121,2026-07-27,-103.01,shopping,app transfer
T04443,C0290,2026-07-27,-93.6,utilities,direct debit
T03538,C0188,2026-07-27,-70.4,groceries,direct debit
T05373,C0250,2026-07-27,-114.02,groceries,app transfer
T05746,C0288,2026-07-27,-61.54,groceries,app transfer
T04206,C0181,2026-07-27,-184.48,travel,direct debit
T05043,C0009,2026-07-28,4102.89,salary,card
T02997,C0021,2026-07-28,-218.06,utilities,direct debit
T03043,C0177,2026-07-28,-107.38,groceries,card
T01337,C0222,2026-07-28,3760.1,salary,online banking
T04396,C0199,2026-07-28,-41.16,insurance,online banking
T04327,C0292,2026-07-28,-48.31,insurance,direct debit
T03583,C0166,2026-07-28,-828.89,rent,direct debit
T04497,C0260,2026-07-28,-172.17,insurance,direct debit
T04669,C0107,2026-07-28,4156.34,salary,direct debit
T02693,C0135,2026-07-28,-43.13,utilities,direct debit
T03059,C0233,2026-07-28,-94.65,groceries,app transfer
T01312,C0291,2026-07-28,-183.93,shopping,app transfer
T03651,C0012,2026-07-28,-35.36,groceries,direct debit
T01575,C0281,2026-07-28,-17.14,restaurants,card
T04322,C0271,2026-07-28,-65.39,insurance,card
T05335,C0138,2026-07-28,-108.23,utilities,direct debit
T04419,C0162,2026-07-28,-50.55,groceries,app transfer
T02072,C0114,2026-07-28,-55.76,restaurants,online banking
T01086,C0116,2026-07-28,-66.49,insurance,online banking
T04744,C0242,2026-07-28,-26.87,groceries,card
T03551,C0051,2026-07-28,-43.6,insurance,app transfer
T01754,C0059,2026-07-28,3790.43,salary,card
T02230,C0017,2026-07-28,-105.11,groceries,online banking
T05276,C0025,2026-07-28,-40.12,restaurants,direct debit
T04117,C0027,2026-07-28,-163.35,insurance,card
T04348,C0210,2026-07-29,-36.08,insurance,online banking
T05108,C0143,2026-07-29,-73.66,restaurants,online banking
T05611,C0143,2026-07-29,-251.59,travel,online banking
T04034,C0227,2026-07-29,-78.48,restaurants,online banking
T04995,C0082,2026-07-29,-199.72,utilities,direct debit
T05238,C0262,2026-07-29,-51.87,restaurants,card
T04029,C0252,2026-07-29,-53.71,restaurants,app transfer
T04760,C0241,2026-07-29,-321.95,shopping,direct debit
T05227,C0018,2026-07-29,-155.31,shopping,direct debit
T05166,C0139,2026-07-29,-72.09,utilities,direct debit
T02922,C0006,2026-07-29,-56.91,shopping,direct debit
T02496,C0238,2026-07-29,3488.0,salary,direct debit
T02730,C0042,2026-07-29,-67.57,restaurants,online banking
T00623,C0279,2026-07-29,-110.54,shopping,card
T04211,C0069,2026-07-29,-52.63,groceries,direct debit
T02212,C0206,2026-07-29,-342.74,travel,app transfer
T04643,C0207,2026-07-29,-61.8,groceries,card
T03745,C0079,2026-07-29,-47.58,insurance,direct debit
T04692,C0014,2026-07-30,-129.11,insurance,app transfer
T04654,C0172,2026-07-30,-274.92,shopping,direct debit
T00288,C0070,2026-07-30,-83.66,restaurants,direct debit
T04674,C0147,2026-07-30,-150.68,utilities,direct debit
T01893,C0216,2026-07-30,-93.81,insurance,card
T02895,C0167,2026-07-30,3477.44,salary,direct debit
T02296,C0062,2026-07-30,-407.5,travel,online banking
T04002,C0212,2026-07-30,-21.69,shopping,direct debit
T02666,C0111,2026-07-30,-35.19,insurance,app transfer
T00204,C0273,2026-07-30,-9.33,groceries,direct debit
T04123,C0165,2026-07-30,-129.05,utilities,direct debit
T00676,C0011,2026-07-30,4172.66,salary,app transfer
T01415,C0168,2026-07-30,-376.35,travel,card
T04207,C0089,2026-07-30,-50.19,insurance,direct debit
T03800,C0058,2026-07-30,-190.2,shopping,direct debit
T02050,C0251,2026-07-30,-129.96,insurance,card
T04725,C0027,2026-07-30,2888.61,salary,online banking
T02926,C0111,2026-07-30,-161.99,insurance,card
T02706,C0266,2026-07-30,3747.99,salary,online banking
T04577,C0135,2026-07-30,-390.77,shopping,direct debit
T03268,C0046,2026-07-30,-16.28,restaurants,app transfer
T05239,C0237,2026-07-30,-165.96,shopping,online banking
T04742,C0002,2026-07-30,-53.83,groceries,card
T05550,C0299,2026-07-30,-64.86,utilities,direct debit
T04226,C0102,2026-07-30,-55.23,utilities,direct debit
T03158,C0150,2026-07-31,-43.95,insurance,card
T00847,C0237,2026-07-31,1994.97,salary,card
T00804,C0139,2026-07-31,-32.93,groceries,app transfer
T05990,C0035,2026-07-31,-121.72,insurance,app transfer
T01760,C0234,2026-07-31,-85.66,insurance,direct debit
T00628,C0105,2026-07-31,-1174.5,rent,direct debit
T02498,C0154,2026-07-31,-28.14,insurance,app transfer
T00853,C0140,2026-07-31,-17.72,groceries,app transfer
T03712,C0134,2026-07-31,4214.15,salary,app transfer
T02692,C0127,2026-07-31,-762.2,travel,direct debit
T02289,C0167,2026-07-31,-76.3,restaurants,app transfer
T01956,C0117,2026-07-31,-91.72,groceries,card
T03672,C0147,2026-07-31,-111.52,utilities,direct debit
T00184,C0030,2026-07-31,-174.85,insurance,app transfer
T00694,C0188,2026-07-31,-111.32,shopping,direct debit
T02919,C0240,2026-07-31,-147.7,utilities,direct debit
T05482,C0245,2026-07-31,-334.46,shopping,card
T01155,C0242,2026-07-31,-168.24,insurance,direct debit
T01323,C0089,2026-07-31,-70.25,groceries,online banking
T00576,C0109,2026-07-31,2054.8,salary,app transfer
T03908,C0036,2026-07-31,-39.85,shopping,card
T03710,C0225,2026-07-31,-110.62,groceries,direct debit
T00201,C0004,2026-07-31,-23.4,groceries,app transfer
T05661,C0139,2026-07-31,2462.59,salary,app transfer
T04037,C0019,2026-07-31,-117.2,groceries,card
T02827,C0129,2026-08-01,-120.17,travel,direct debit
T03260,C0062,2026-08-01,-81.16,insurance,direct debit
T03002,C0172,2026-08-01,-20.74,restaurants,app transfer
T00841,C0107,2026-08-01,-44.3,restaurants,direct debit
T05575,C0214,2026-08-01,2038.7,salary,online banking
T01251,C0225,2026-08-01,-199.23,utilities,direct debit
T00427,C0058,2026-08-01,-792.16,rent,direct debit
T01424,C0090,2026-08-01,-886.68,rent,direct debit
T01675,C0262,2026-08-01,-23.06,restaurants,app transfer
T01771,C0158,2026-08-01,-272.59,shopping,card
T01480,C0208,2026-08-01,-170.45,insurance,direct debit
T04459,C0039,2026-08-01,-225.07,utilities,direct debit
T00607,C0118,2026-08-01,-75.27,restaurants,card
T03945,C0201,2026-08-01,-188.72,utilities,direct debit
T05909,C0133,2026-08-01,-284.44,shopping,direct debit
T03721,C0178,2026-08-01,-207.62,utilities,direct debit
T04252,C0132,2026-08-01,-1456.63,rent,direct debit
T03532,C0046,2026-08-01,-627.07,travel,card
T03737,C0163,2026-08-01,-240.53,travel,app transfer
T05814,C0294,2026-08-01,-743.78,rent,direct debit
T00039,C0014,2026-08-01,4356.21,salary,direct debit
T04059,C0239,2026-08-01,-15.56,restaurants,card
T00092,C0293,2026-08-02,-165.98,utilities,direct debit
T04115,C0244,2026-08-02,-1307.05,rent,direct debit
T04943,C0228,2026-08-02,-123.43,utilities,direct debit
T04210,C0007,2026-08-02,-52.17,groceries,online banking
T04112,C0230,2026-08-02,-56.0,groceries,app transfer
T05019,C0017,2026-08-02,-41.71,insurance,app transfer
T01216,C0043,2026-08-02,-106.2,groceries,direct debit
T00049,C0293,2026-08-02,-71.21,utilities,direct debit
T01017,C0151,2026-08-02,-116.59,groceries,app transfer
T01051,C0148,2026-08-02,-25.99,restaurants,app transfer
T00485,C0060,2026-08-02,-57.76,groceries,card
T05995,C0203,2026-08-02,-16.69,groceries,direct debit
T02093,C0163,2026-08-02,-28.07,groceries,online banking
T02231,C0037,2026-08-02,-1559.7,rent,direct debit
T00503,C0054,2026-08-02,-823.66,travel,online banking
T02841,C0141,2026-08-02,-13.27,restaurants,direct debit
T01496,C0036,2026-08-02,-52.95,restaurants,direct debit
T01406,C0116,2026-08-03,3350.56,salary,online banking
T02088,C0281,2026-08-03,-383.49,travel,direct debit
T04220,C0057,2026-08-03,-1439.41,rent,direct debit
T05561,C0242,2026-08-03,-384.79,shopping,card
T02219,C0298,2026-08-03,-1575.54,rent,direct debit
T05139,C0048,2026-08-03,3418.76,salary,card
T05282,C0012,2026-08-03,-87.79,restaurants,online banking
T04157,C0002,2026-08-03,-301.79,shopping,direct debit
T02366,C0082,2026-08-03,-1021.45,rent,direct debit
T02556,C0198,2026-08-03,-856.69,travel,app transfer
T04496,C0051,2026-08-03,-44.14,groceries,direct debit
T00337,C0284,2026-08-03,-33.15,groceries,app transfer
T03403,C0221,2026-08-03,-150.61,utilities,direct debit
T00973,C0179,2026-08-03,-11.78,shopping,app transfer
T03537,C0061,2026-08-03,-137.11,utilities,direct debit
T02816,C0206,2026-08-03,-324.72,shopping,app transfer
T04121,C0103,2026-08-03,-138.75,insurance,direct debit
T01416,C0275,2026-08-03,-451.3,travel,card
T05798,C0108,2026-08-03,-9.2,groceries,online banking
T03135,C0110,2026-08-03,3215.19,salary,card
T04774,C0115,2026-08-03,-63.78,restaurants,card
T00666,C0108,2026-08-03,-1315.68,rent,direct debit
T01747,C0232,2026-08-03,-214.66,shopping,direct debit
T01790,C0108,2026-08-03,-41.27,restaurants,direct debit
T04093,C0256,2026-08-04,-111.23,shopping,app transfer
T03449,C0078,2026-08-04,3069.16,salary,online banking
T05125,C0175,2026-08-04,-228.84,utilities,direct debit
T03963,C0094,2026-08-04,-171.14,utilities,direct debit
T03667,C0257,2026-08-04,4153.58,salary,online banking
T01157,C0181,2026-08-04,-58.97,restaurants,direct debit
T02585,C0015,2026-08-04,-16.82,groceries,online banking
T01018,C0178,2026-08-04,-91.02,insurance,card
T00619,C0268,2026-08-04,-1001.86,rent,direct debit
T03645,C0072,2026-08-04,-116.43,groceries,online banking
T01286,C0073,2026-08-04,-81.84,travel,direct debit
T01610,C0203,2026-08-04,-679.77,travel,card
T04531,C0293,2026-08-04,-24.42,restaurants,app transfer
T05092,C0273,2026-08-04,-846.85,rent,direct debit
T04936,C0164,2026-08-04,-215.9,utilities,direct debit
T04740,C0261,2026-08-04,-1468.09,rent,direct debit
T05476,C0298,2026-08-04,-301.88,shopping,online banking
T00166,C0070,2026-08-04,-362.04,travel,online banking
T05908,C0086,2026-08-04,-88.13,restaurants,card
T04420,C0053,2026-08-04,-1448.34,rent,direct debit
T03905,C0082,2026-08-04,-119.64,groceries,online banking
T01814,C0039,2026-08-04,-276.03,shopping,online banking
T02383,C0185,2026-08-04,-209.36,utilities,direct debit
T01339,C0143,2026-08-04,-67.63,groceries,direct debit
T03321,C0107,2026-08-04,-948.67,rent,direct debit
T00671,C0091,2026-08-04,-63.95,groceries,direct debit
T03521,C0034,2026-08-04,-87.97,restaurants,direct debit
T03392,C0142,2026-08-04,-145.29,insurance,app transfer
T05455,C0058,2026-08-05,-531.39,travel,card
T04421,C0278,2026-08-05,-21.89,shopping,card
T02343,C0168,2026-08-05,-362.3,travel,app transfer
T04181,C0066,2026-08-05,-1462.22,rent,direct debit
T00164,C0024,2026-08-05,-38.87,restaurants,card
T00627,C0275,2026-08-05,-230.22,shopping,direct debit
T03329,C0162,2026-08-05,-347.42,shopping,online banking
T02679,C0224,2026-08-05,-36.11,shopping,card
T00770,C0212,2026-08-05,-40.49,restaurants,app transfer
T01529,C0199,2026-08-05,-100.32,utilities,direct debit
T04278,C0274,2026-08-05,-100.1,groceries,direct debit
T04271,C0288,2026-08-05,-308.35,shopping,card
T05974,C0093,2026-08-05,-423.57,travel,online banking
T04578,C0119,2026-08-05,-89.27,groceries,online banking
T01268,C0156,2026-08-05,-247.13,utilities,direct debit
T05160,C0299,2026-08-05,-1219.95,rent,direct debit
T04131,C0055,2026-08-05,-46.3,insurance,direct debit
T04929,C0209,2026-08-05,-353.79,travel,app transfer
T01205,C0138,2026-08-05,-34.44,insurance,online banking
T04224,C0139,2026-08-05,-49.83,utilities,direct debit
T01147,C0280,2026-08-05,3217.89,salary,app transfer
T04952,C0072,2026-08-05,-246.5,shopping,online banking
T04682,C0141,2026-08-05,-75.53,restaurants,card
T03796,C0211,2026-08-05,-547.63,travel,direct debit
T02583,C0193,2026-08-05,-184.14,utilities,direct debit
T03284,C0298,2026-08-05,-20.77,restaurants,online banking
T03860,C0183,2026-08-06,-65.47,restaurants,app transfer
T01590,C0006,2026-08-06,-128.33,insurance,app transfer
T03589,C0062,2026-08-06,-35.82,utilities,direct debit
T05400,C0282,2026-08-06,-127.94,utilities,direct debit
T02168,C0093,2026-08-06,-793.21,rent,direct debit
T03232,C0146,2026-08-06,2222.54,salary,app transfer
T04094,C0259,2026-08-06,-156.88,insurance,card
T00170,C0279,2026-08-06,-105.11,insurance,app transfer
T03252,C0213,2026-08-06,-745.16,rent,direct debit
T01912,C0214,2026-08-06,-43.71,insurance,direct debit
T03375,C0291,2026-08-06,-1588.76,rent,direct debit
T04134,C0054,2026-08-06,-861.6,travel,card
T05305,C0178,2026-08-06,-1312.39,rent,direct debit
T01710,C0191,2026-08-06,-29.81,groceries,card
T04599,C0078,2026-08-06,-115.72,groceries,direct debit
T04629,C0223,2026-08-06,-35.16,insurance,app transfer
T03348,C0085,2026-08-06,-39.69,shopping,card
T05513,C0246,2026-08-06,-69.67,groceries,online banking
T02084,C0054,2026-08-06,-66.54,restaurants,online banking
T01336,C0002,2026-08-07,-122.55,insurance,card
T02151,C0216,2026-08-07,-72.38,restaurants,online banking
T04474,C0260,2026-08-07,-23.41,shopping,direct debit
T01685,C0058,2026-08-07,-86.85,restaurants,direct debit
T01211,C0268,2026-08-07,-95.01,utilities,direct debit
T03653,C0140,2026-08-07,-1235.64,rent,direct debit
T00064,C0229,2026-08-07,-74.99,shopping,online banking
T05788,C0118,2026-08-07,-177.05,insurance,direct debit
T01676,C0117,2026-08-07,-51.16,groceries,direct debit
T02374,C0239,2026-08-07,-57.63,restaurants,online banking
T00626,C0080,2026-08-07,-62.82,restaurants,direct debit
T04020,C0066,2026-08-07,-45.1,utilities,direct debit
T03086,C0120,2026-08-07,-158.65,insurance,app transfer
T02671,C0170,2026-08-07,-52.77,shopping,app transfer
T04170,C0084,2026-08-07,-775.65,rent,direct debit
T01626,C0262,2026-08-07,-80.11,groceries,direct debit
T00935,C0142,2026-08-07,-130.76,insurance,direct debit
T02951,C0023,2026-08-07,-461.84,travel,app transfer
T01039,C0076,2026-08-07,-1001.15,rent,direct debit
T02352,C0188,2026-08-07,-62.1,restaurants,app transfer
T05911,C0010,2026-08-07,-1491.81,rent,direct debit
T03435,C0096,2026-08-07,4281.65,salary,card
T01491,C0085,2026-08-07,-890.23,rent,direct debit
T01953,C0221,2026-08-07,-512.61,travel,card
T05118,C0040,2026-08-07,-178.58,insurance,direct debit
T00147,C0208,2026-08-07,-483.14,travel,card
T00260,C0287,2026-08-07,1912.15,salary,app transfer
T05766,C0024,2026-08-07,-86.65,utilities,direct debit
T01458,C0122,2026-08-08,-305.33,shopping,card
T01861,C0243,2026-08-08,-45.41,groceries,app transfer
T01255,C0071,2026-08-08,-120.95,utilities,direct debit
T04152,C0289,2026-08-08,-33.2,shopping,online banking
T01775,C0027,2026-08-08,-772.43,rent,direct debit
T00048,C0150,2026-08-08,-41.35,travel,direct debit
T05198,C0252,2026-08-08,2489.67,salary,online banking
T03289,C0136,2026-08-08,-35.64,utilities,direct debit
T05428,C0228,2026-08-08,-142.86,utilities,direct debit
T01507,C0173,2026-08-08,-73.85,insurance,direct debit
T00547,C0021,2026-08-08,-915.16,rent,direct debit
T05855,C0237,2026-08-08,-48.75,groceries,direct debit
T03089,C0253,2026-08-08,-53.11,groceries,card
T00473,C0207,2026-08-08,-1567.06,rent,direct debit
T05885,C0171,2026-08-08,-31.46,utilities,direct debit
T02805,C0277,2026-08-08,-463.68,travel,card
T03483,C0204,2026-08-08,-113.61,groceries,card
T01606,C0187,2026-08-08,-357.96,shopping,direct debit
T01586,C0142,2026-08-08,-213.03,shopping,app transfer
T05214,C0237,2026-08-08,-47.69,insurance,online banking
T04258,C0211,2026-08-08,4410.18,salary,card
T00620,C0272,2026-08-08,-33.7,groceries,online banking
T01616,C0176,2026-08-08,-117.36,groceries,card
T04321,C0119,2026-08-08,-73.06,travel,online banking
T03246,C0219,2026-08-08,-115.39,insurance,online banking
T01762,C0235,2026-08-08,-360.88,travel,app transfer
T05333,C0081,2026-08-08,-1071.57,rent,direct debit
T04991,C0281,2026-08-08,2799.05,salary,online banking
T00263,C0231,2026-08-08,-115.54,utilities,direct debit
T04500,C0241,2026-08-09,-117.09,shopping,card
T00940,C0074,2026-08-09,-29.03,restaurants,card
T04411,C0026,2026-08-09,-12.82,groceries,online banking
T03746,C0022,2026-08-09,-364.21,travel,direct debit
T05303,C0182,2026-08-09,2325.8,salary,app transfer
T05577,C0086,2026-08-09,-701.47,travel,app transfer
T00769,C0137,2026-08-09,-37.23,restaurants,card
T01971,C0095,2026-08-09,-1155.87,rent,direct debit
T05972,C0135,2026-08-09,-18.12,restaurants,app transfer
T04196,C0286,2026-08-09,-344.69,travel,direct debit
T00748,C0212,2026-08-09,2269.38,salary,direct debit
T03411,C0068,2026-08-09,-80.73,restaurants,direct debit
T03680,C0002,2026-08-09,-175.34,insurance,card
T04959,C0218,2026-08-10,-414.08,travel,card
T04145,C0228,2026-08-10,-391.77,shopping,card
T05580,C0029,2026-08-10,-41.67,groceries,online banking
T02641,C0185,2026-08-10,-732.12,rent,direct debit
T02036,C0020,2026-08-10,4228.82,salary,direct debit
T02779,C0250,2026-08-10,-142.18,insurance,card
T05827,C0279,2026-08-10,-17.26,restaurants,direct debit
T05585,C0032,2026-08-10,-420.87,travel,direct debit
T00894,C0121,2026-08-10,-86.65,groceries,online banking
T03767,C0113,2026-08-10,-55.29,groceries,card
T04004,C0208,2026-08-10,-182.23,shopping,card
T05997,C0182,2026-08-10,-101.74,utilities,direct debit
T00669,C0285,2026-08-10,-218.39,utilities,direct debit
T02304,C0271,2026-08-10,-162.3,insurance,online banking
T01802,C0250,2026-08-10,-224.23,utilities,direct debit
T01229,C0053,2026-08-10,-117.7,groceries,online banking
T05187,C0215,2026-08-10,2534.68,salary,card
T01852,C0266,2026-08-10,-37.47,insurance,card
T04633,C0118,2026-08-10,-197.74,shopping,online banking
T04457,C0095,2026-08-10,-893.89,travel,app transfer
T02376,C0254,2026-08-10,-122.77,utilities,direct debit
T02148,C0295,2026-08-11,-136.95,insurance,online banking
T00692,C0234,2026-08-11,-490.18,travel,direct debit
T03450,C0280,2026-08-11,-25.18,shopping,online banking
T05764,C0220,2026-08-11,-141.61,utilities,direct debit
T04340,C0017,2026-08-11,-594.21,travel,online banking
T05195,C0288,2026-08-11,-102.01,travel,app transfer
T02635,C0289,2026-08-11,-70.6,groceries,online banking
T02111,C0062,2026-08-11,-264.32,shopping,app transfer
T02041,C0002,2026-08-11,-44.8,utilities,direct debit
T02939,C0056,2026-08-11,-867.79,rent,direct debit
T01206,C0096,2026-08-11,2797.15,salary,card
T05822,C0260,2026-08-11,2245.98,salary,online banking
T03245,C0009,2026-08-11,-28.35,groceries,direct debit
T05553,C0121,2026-08-11,-133.32,insurance,online banking
T03327,C0286,2026-08-11,-178.22,shopping,online banking
T03759,C0061,2026-08-11,-292.45,shopping,app transfer
T02167,C0155,2026-08-11,-50.43,utilities,direct debit
T01376,C0270,2026-08-11,-795.41,travel,card
T03044,C0290,2026-08-11,-333.55,travel,app transfer
T01520,C0055,2026-08-11,-89.48,restaurants,card
T04864,C0147,2026-08-11,-351.92,shopping,app transfer
T04992,C0111,2026-08-11,-176.58,insurance,direct debit
T01168,C0270,2026-08-11,-94.62,groceries,online banking
T00759,C0179,2026-08-11,3375.39,salary,card
T05324,C0022,2026-08-12,-227.62,utilities,direct debit
T04476,C0214,2026-08-12,-295.08,travel,app transfer
T04221,C0243,2026-08-12,-105.47,groceries,online banking
T05897,C0235,2026-08-12,-75.1,groceries,app transfer
T05028,C0038,2026-08-12,2489.22,salary,card
T05755,C0060,2026-08-12,-246.94,shopping,online banking
T04527,C0273,2026-08-12,-189.51,shopping,direct debit
T01209,C0240,2026-08-12,-40.88,shopping,online banking
T00390,C0081,2026-08-12,-720.98,travel,online banking
T00004,C0046,2026-08-12,2219.89,salary,app transfer
T04200,C0165,2026-08-12,-651.12,travel,online banking
T03249,C0131,2026-08-12,-162.34,insurance,online banking
T04881,C0053,2026-08-12,-34.95,insurance,direct debit
T00985,C0028,2026-08-12,-43.19,insurance,online banking
T02298,C0290,2026-08-12,-119.51,groceries,direct debit
T03774,C0235,2026-08-12,-842.86,travel,app transfer
T02470,C0124,2026-08-12,-60.0,restaurants,online banking
T02732,C0252,2026-08-12,-203.71,utilities,direct debit
T03831,C0115,2026-08-12,3619.1,salary,card
T03328,C0168,2026-08-12,-37.36,groceries,card
T05472,C0238,2026-08-12,-157.23,insurance,card
T00945,C0245,2026-08-12,-84.63,insurance,card
T05957,C0014,2026-08-12,3935.43,salary,direct debit
T05614,C0235,2026-08-12,-113.23,groceries,direct debit
T01891,C0193,2026-08-12,-122.6,travel,online banking
T04079,C0034,2026-08-12,2826.69,salary,card
T03397,C0024,2026-08-12,-56.48,groceries,online banking
T05040,C0128,2026-08-12,-354.34,shopping,direct debit
T01089,C0203,2026-08-13,-52.77,restaurants,card
T02020,C0165,2026-08-13,-817.89,rent,direct debit
T04284,C0276,2026-08-13,3987.4,salary,direct debit
T00283,C0045,2026-08-13,2163.72,salary,card
T02371,C0119,2026-08-13,-67.81,insurance,card
T05396,C0054,2026-08-13,-91.97,groceries,online banking
T01607,C0225,2026-08-13,-24.62,restaurants,direct debit
T01645,C0085,2026-08-13,-70.56,restaurants,online banking
T00399,C0198,2026-08-13,-90.05,groceries,app transfer
T02395,C0173,2026-08-13,2081.39,salary,app transfer
T03467,C0094,2026-08-13,-814.96,travel,direct debit
T02086,C0102,2026-08-13,-787.98,travel,card
T05203,C0073,2026-08-13,-54.84,restaurants,online banking
T01235,C0177,2026-08-13,-57.14,insurance,app transfer
T03396,C0195,2026-08-13,2247.95,salary,direct debit
T01585,C0094,2026-08-13,-177.8,insurance,online banking
T05128,C0055,2026-08-13,2316.45,salary,card
T05660,C0055,2026-08-13,-396.72,shopping,online banking
T00499,C0184,2026-08-13,1921.26,salary,direct debit
T02406,C0248,2026-08-13,-54.43,groceries,app transfer
T04144,C0058,2026-08-14,-65.18,utilities,direct debit
T04261,C0248,2026-08-14,-1282.58,rent,direct debit
T04526,C0289,2026-08-14,-63.87,restaurants,online banking
T03275,C0293,2026-08-14,-243.95,utilities,direct debit
T00812,C0150,2026-08-14,-117.57,utilities,direct debit
T02404,C0116,2026-08-14,-172.54,utilities,direct debit
T01369,C0149,2026-08-14,-207.19,travel,direct debit
T02105,C0262,2026-08-14,-405.85,travel,online banking
T00918,C0122,2026-08-14,-1339.7,rent,direct debit
T04567,C0163,2026-08-14,-83.73,groceries,card
T05030,C0215,2026-08-14,-235.71,travel,card
T03700,C0240,2026-08-14,-714.33,rent,direct debit
T02384,C0178,2026-08-14,-103.45,groceries,card
T03314,C0282,2026-08-14,-946.03,rent,direct debit
T00095,C0081,2026-08-14,-54.55,groceries,online banking
T03436,C0117,2026-08-14,4356.25,salary,app transfer
T00121,C0010,2026-08-14,-99.01,utilities,direct debit
T02336,C0213,2026-08-14,-41.5,insurance,card
T01145,C0141,2026-08-14,-119.84,utilities,direct debit
T04967,C0064,2026-08-14,-52.65,shopping,online banking
T03543,C0019,2026-08-14,-386.47,shopping,online banking
T03470,C0133,2026-08-14,2788.97,salary,direct debit
T02920,C0053,2026-08-14,-68.04,restaurants,app transfer
T01257,C0016,2026-08-15,4106.92,salary,card
T01348,C0032,2026-08-15,-87.12,travel,online banking
T05051,C0001,2026-08-15,-122.96,insurance,direct debit
T02110,C0287,2026-08-15,-1115.59,rent,direct debit
T03608,C0167,2026-08-15,-195.83,utilities,direct debit
T05025,C0262,2026-08-15,-42.6,restaurants,card
T04667,C0148,2026-08-15,-708.61,travel,direct debit
T02053,C0201,2026-08-15,-1053.94,rent,direct debit
T05859,C0030,2026-08-15,-173.47,utilities,direct debit
T04752,C0164,2026-08-15,-234.08,utilities,direct debit
T04454,C0030,2026-08-15,-957.43,rent,direct debit
T04656,C0153,2026-08-15,-177.0,shopping,card
T03144,C0231,2026-08-15,-915.56,rent,direct debit
T04565,C0250,2026-08-15,-34.45,groceries,card
T02270,C0049,2026-08-15,-143.55,shopping,app transfer
T03062,C0226,2026-08-15,-115.81,insurance,online banking
T04939,C0034,2026-08-16,-144.63,utilities,direct debit
T04573,C0275,2026-08-16,-758.14,rent,direct debit
T00868,C0277,2026-08-16,4363.04,salary,card
T02667,C0260,2026-08-16,-15.74,groceries,app transfer
T01563,C0274,2026-08-16,-64.54,shopping,online banking
T00071,C0191,2026-08-16,2439.67,salary,app transfer
T01328,C0099,2026-08-16,4474.72,salary,card
T02032,C0062,2026-08-16,-81.33,restaurants,online banking
T01551,C0141,2026-08-16,-998.96,rent,direct debit
T03505,C0001,2026-08-16,-138.5,travel,direct debit
T04853,C0099,2026-08-16,-171.92,utilities,direct debit
T04855,C0205,2026-08-16,-21.88,insurance,app transfer
T04376,C0011,2026-08-16,-218.33,shopping,card
T00981,C0121,2026-08-16,-58.23,restaurants,direct debit
T01981,C0092,2026-08-16,-190.46,shopping,online banking
T02003,C0124,2026-08-16,-69.16,restaurants,online banking
T00076,C0089,2026-08-16,-179.56,insurance,direct debit
T01021,C0272,2026-08-16,-93.28,insurance,app transfer
T05892,C0032,2026-08-16,-362.09,travel,direct debit
T03794,C0005,2026-08-16,-1351.27,rent,direct debit
T05388,C0155,2026-08-16,-30.41,utilities,direct debit
T04259,C0127,2026-08-16,-88.74,utilities,direct debit
T04772,C0191,2026-08-16,-358.54,shopping,card
T03455,C0229,2026-08-16,-111.83,groceries,card
T04810,C0126,2026-08-16,-15.01,shopping,card
T01204,C0251,2026-08-17,-224.79,utilities,direct debit
T04575,C0231,2026-08-17,-106.04,insurance,app transfer
T02549,C0041,2026-08-17,-661.4,rent,direct debit
T03812,C0077,2026-08-17,-96.29,groceries,card
T01420,C0074,2026-08-17,-15.16,groceries,online banking
T00174,C0018,2026-08-17,-58.63,restaurants,card
T00415,C0096,2026-08-17,4379.53,salary,online banking
T01518,C0087,2026-08-17,-172.81,insurance,online banking
T02894,C0106,2026-08-17,4110.16,salary,card
T02740,C0224,2026-08-17,-165.47,insurance,card
T01659,C0080,2026-08-17,-870.14,rent,direct debit
T02315,C0026,2026-08-17,-1066.62,rent,direct debit
T05616,C0216,2026-08-17,3256.44,salary,card
T04140,C0100,2026-08-17,-1492.74,rent,direct debit
T02293,C0185,2026-08-17,2482.36,salary,app transfer
T00792,C0169,2026-08-18,-221.47,shopping,app transfer
T03456,C0185,2026-08-18,-1238.88,rent,direct debit
T02462,C0022,2026-08-18,-772.44,rent,direct debit
T00246,C0038,2026-08-18,-1591.17,rent,direct debit
T05734,C0107,2026-08-18,-664.8,rent,direct debit
T03136,C0219,2026-08-18,-217.34,utilities,direct debit
T05790,C0033,2026-08-18,-102.63,groceries,direct debit
T03063,C0030,2026-08-18,-801.47,travel,online banking
T02415,C0287,2026-08-18,-70.61,groceries,card
T04400,C0249,2026-08-18,4483.97,salary,online banking
T03157,C0217,2026-08-18,-227.75,utilities,direct debit
T02598,C0107,2026-08-18,-24.41,restaurants,direct debit
T05716,C0217,2026-08-18,3745.85,salary,app transfer
T05531,C0208,2026-08-18,-257.46,travel,app transfer
T02634,C0121,2026-08-18,-208.28,utilities,direct debit
T02819,C0056,2026-08-18,-148.45,travel,card
T04843,C0065,2026-08-18,-1482.03,rent,direct debit
T03095,C0172,2026-08-18,-112.95,groceries,direct debit
T01640,C0188,2026-08-18,2799.37,salary,card
T00923,C0148,2026-08-18,-50.78,groceries,direct debit
T05113,C0181,2026-08-18,2291.46,salary,online banking
T00043,C0241,2026-08-18,-569.2,travel,card
T00545,C0151,2026-08-18,-69.03,utilities,direct debit
T03025,C0271,2026-08-18,-95.39,groceries,direct debit
T04471,C0294,2026-08-18,-114.23,shopping,online banking
T05106,C0146,2026-08-18,-119.89,insurance,card
T03239,C0188,2026-08-18,-20.38,restaurants,card
T00274,C0162,2026-08-19,-572.69,travel,direct debit
T00819,C0059,2026-08-19,-61.46,restaurants,card
T05484,C0158,2026-08-19,-993.95,rent,direct debit
T02175,C0060,2026-08-19,-205.8,shopping,online banking
T01217,C0233,2026-08-19,2815.71,salary,direct debit
T01755,C0065,2026-08-19,-122.23,insurance,card
T03627,C0165,2026-08-19,-150.37,utilities,direct debit
T02017,C0210,2026-08-19,-138.51,insurance,online banking
T04458,C0253,2026-08-19,-442.0,travel,app transfer
T02484,C0199,2026-08-19,-364.99,shopping,app transfer
T01805,C0033,2026-08-19,4048.43,salary,card
T00083,C0038,2026-08-19,3242.25,salary,direct debit
T05696,C0110,2026-08-19,-88.42,utilities,direct debit
T02551,C0164,2026-08-19,-149.66,shopping,online banking
T01874,C0141,2026-08-19,-89.01,restaurants,app transfer
T03773,C0031,2026-08-19,-52.59,groceries,online banking
T00525,C0064,2026-08-19,-59.23,groceries,app transfer
T00955,C0256,2026-08-19,-386.96,shopping,card
T03372,C0112,2026-08-19,-132.73,insurance,card
T04481,C0094,2026-08-19,-46.08,restaurants,app transfer
T02861,C0019,2026-08-20,-29.07,groceries,direct debit
T05778,C0131,2026-08-20,-271.71,travel,card
T00888,C0077,2026-08-20,-496.88,travel,online banking
T05141,C0220,2026-08-20,-36.33,utilities,direct debit
T00530,C0151,2026-08-20,2327.05,salary,app transfer
T02851,C0059,2026-08-20,-330.28,travel,online banking
T02738,C0034,2026-08-20,-186.88,utilities,direct debit
T03106,C0014,2026-08-20,-276.41,travel,card
T03582,C0237,2026-08-20,-41.13,insurance,online banking
T05873,C0177,2026-08-20,1835.92,salary,card
T04319,C0181,2026-08-20,-89.85,restaurants,app transfer
T00402,C0084,2026-08-20,-46.22,utilities,direct debit
T04852,C0150,2026-08-20,-55.33,restaurants,app transfer
T02656,C0130,2026-08-20,-86.18,restaurants,online banking
T02302,C0239,2026-08-20,-356.85,shopping,app transfer
T04982,C0133,2026-08-20,-352.59,travel,online banking
T04255,C0077,2026-08-20,-61.24,groceries,app transfer
T04251,C0278,2026-08-20,-77.77,restaurants,direct debit
T00704,C0234,2026-08-20,-33.23,restaurants,online banking
T03241,C0210,2026-08-20,-19.39,groceries,card
T04508,C0033,2026-08-20,-10.23,groceries,app transfer
T03230,C0255,2026-08-20,-1000.14,rent,direct debit
T04368,C0165,2026-08-20,-32.32,restaurants,online banking
T02492,C0236,2026-08-20,-1071.7,rent,direct debit
T03430,C0135,2026-08-20,-246.72,travel,app transfer
T03718,C0097,2026-08-20,-156.15,utilities,direct debit
T04733,C0222,2026-08-20,3560.76,salary,online banking
T05935,C0195,2026-08-20,-131.9,insurance,direct debit
T00750,C0185,2026-08-20,-184.52,shopping,online banking
T01320,C0134,2026-08-20,3762.86,salary,direct debit
T03546,C0086,2026-08-21,-830.28,rent,direct debit
T04389,C0152,2026-08-21,-97.46,groceries,app transfer
T02010,C0093,2026-08-21,-33.41,utilities,direct debit
T00143,C0146,2026-08-21,1829.43,salary,online banking
T04659,C0224,2026-08-21,-170.06,utilities,direct debit
T02833,C0021,2026-08-21,-1565.94,rent,direct debit
T01877,C0222,2026-08-21,-56.2,restaurants,direct debit
T01741,C0143,2026-08-21,-14.99,restaurants,app transfer
T04781,C0041,2026-08-21,-286.68,shopping,direct debit
T05695,C0028,2026-08-21,-293.0,shopping,card
T03409,C0186,2026-08-21,-765.75,travel,online banking
T01824,C0153,2026-08-21,-1118.67,rent,direct debit
T04561,C0156,2026-08-21,-1525.25,rent,direct debit
T04558,C0025,2026-08-21,-57.72,restaurants,app transfer
T04824,C0126,2026-08-21,-100.98,groceries,app transfer
T02486,C0079,2026-08-21,-105.83,insurance,direct debit
T04012,C0177,2026-08-21,-33.83,utilities,direct debit
T02348,C0110,2026-08-21,-119.41,insurance,online banking
T05691,C0198,2026-08-21,-19.21,groceries,online banking
T00599,C0241,2026-08-21,-1487.47,rent,direct debit
T01274,C0185,2026-08-21,-51.56,utilities,direct debit
T03778,C0204,2026-08-21,-130.09,travel,online banking
T02994,C0049,2026-08-21,-53.04,restaurants,card
T00327,C0060,2026-08-21,-1231.68,rent,direct debit
T02714,C0254,2026-08-21,-374.55,shopping,direct debit
T01665,C0126,2026-08-21,-1513.67,rent,direct debit
T02664,C0049,2026-08-21,-113.57,utilities,direct debit
T02179,C0264,2026-08-21,-125.68,utilities,direct debit
T03722,C0038,2026-08-21,-103.77,groceries,online banking
T05471,C0286,2026-08-21,-71.59,restaurants,online banking
T02264,C0100,2026-08-22,-178.76,insurance,direct debit
T00342,C0045,2026-08-22,4478.48,salary,app transfer
T05493,C0226,2026-08-22,-90.25,insurance,direct debit
T04900,C0005,2026-08-22,-698.35,travel,app transfer
T03701,C0220,2026-08-22,-40.49,restaurants,card
T03374,C0275,2026-08-22,-865.9,travel,direct debit
T05020,C0213,2026-08-22,-27.58,restaurants,online banking
T02834,C0276,2026-08-22,-27.36,shopping,direct debit
T00113,C0266,2026-08-22,-43.83,insurance,app transfer
T04304,C0062,2026-08-22,-42.5,utilities,direct debit
T05991,C0153,2026-08-22,-350.16,shopping,direct debit
T03032,C0152,2026-08-22,-735.17,rent,direct debit
T03114,C0170,2026-08-22,-1190.73,rent,direct debit
T05277,C0164,2026-08-22,3401.7,salary,online banking
T02627,C0121,2026-08-22,-79.84,restaurants,direct debit
T02625,C0135,2026-08-22,-839.91,travel,app transfer
T02353,C0117,2026-08-23,-76.75,restaurants,card
T05183,C0055,2026-08-23,-1315.27,rent,direct debit
T01246,C0225,2026-08-23,-115.82,groceries,card
T01753,C0078,2026-08-23,-112.59,groceries,online banking
T02224,C0083,2026-08-23,-111.19,utilities,direct debit
T01542,C0156,2026-08-23,-81.32,groceries,app transfer
T05694,C0079,2026-08-23,-322.19,travel,online banking
T00046,C0215,2026-08-23,-43.82,utilities,direct debit
T00145,C0084,2026-08-23,2749.63,salary,app transfer
T01419,C0258,2026-08-23,-90.6,utilities,direct debit
T02188,C0269,2026-08-23,-38.94,utilities,direct debit
T05000,C0027,2026-08-23,-30.07,groceries,app transfer
T04250,C0109,2026-08-23,-29.98,shopping,online banking
T02307,C0273,2026-08-23,2735.25,salary,app transfer
T01915,C0240,2026-08-23,-278.14,travel,app transfer
T04311,C0115,2026-08-23,-353.24,travel,card
T05596,C0098,2026-08-23,4075.34,salary,app transfer
T05952,C0046,2026-08-23,-68.19,insurance,card
T02095,C0276,2026-08-23,-37.82,restaurants,card
T03405,C0199,2026-08-24,-715.02,travel,app transfer
T04691,C0291,2026-08-24,-44.49,shopping,online banking
T02727,C0124,2026-08-24,-164.11,utilities,direct debit
T01897,C0266,2026-08-24,-154.27,insurance,card
T00754,C0020,2026-08-24,-39.74,restaurants,app transfer
T01694,C0151,2026-08-24,-163.96,travel,online banking
T01291,C0259,2026-08-24,-695.04,travel,online banking
T01321,C0108,2026-08-24,1910.72,salary,direct debit
T00949,C0042,2026-08-24,2446.78,salary,direct debit
T05742,C0300,2026-08-24,-27.02,restaurants,direct debit
T03492,C0055,2026-08-24,-219.52,shopping,app transfer
T02932,C0152,2026-08-24,-92.7,travel,online banking
T03539,C0202,2026-08-24,-1556.34,rent,direct debit
T01103,C0227,2026-08-24,-684.18,rent,direct debit
T01064,C0214,2026-08-24,-83.45,restaurants,card
T04437,C0136,2026-08-24,-83.36,insurance,card
T03196,C0057,2026-08-24,4320.7,salary,app transfer
T02535,C0299,2026-08-24,-582.66,travel,direct debit
T05049,C0112,2026-08-24,-89.62,insurance,online banking
T01115,C0020,2026-08-24,2724.03,salary,online banking
T02711,C0139,2026-08-24,-105.99,insurance,app transfer
T01845,C0009,2026-08-24,-71.15,utilities,direct debit
T04771,C0216,2026-08-24,3850.4,salary,online banking
T00859,C0019,2026-08-24,-115.27,utilities,direct debit
T03267,C0264,2026-08-24,-99.82,groceries,app transfer
T05548,C0172,2026-08-24,-68.43,insurance,card
T00513,C0041,2026-08-24,-127.72,utilities,direct debit
T01000,C0083,2026-08-24,-344.59,shopping,card
T05635,C0211,2026-08-25,-226.17,utilities,direct debit
T05394,C0063,2026-08-25,-10.84,groceries,online banking
T00013,C0159,2026-08-25,-47.25,restaurants,card
T03414,C0038,2026-08-25,-350.64,travel,direct debit
T01844,C0076,2026-08-25,-80.34,restaurants,card
T04484,C0204,2026-08-25,2484.39,salary,online banking
T01046,C0090,2026-08-25,-1324.73,rent,direct debit
T03782,C0096,2026-08-25,2509.63,salary,card
T03632,C0207,2026-08-25,-1155.38,rent,direct debit
T00368,C0022,2026-08-25,-15.95,restaurants,online banking
T00579,C0282,2026-08-25,-80.2,groceries,card
T01422,C0236,2026-08-25,-112.18,insurance,card
T03847,C0058,2026-08-25,-56.44,shopping,direct debit
T04190,C0249,2026-08-25,-122.03,insurance,direct debit
T03894,C0109,2026-08-25,-90.57,shopping,card
T03504,C0131,2026-08-25,-88.7,restaurants,card
T00587,C0246,2026-08-25,3297.53,salary,direct debit
T00162,C0287,2026-08-25,-83.35,groceries,direct debit
T01165,C0046,2026-08-25,-73.62,utilities,direct debit
T00813,C0147,2026-08-25,-74.93,shopping,direct debit
T02982,C0043,2026-08-25,-350.64,shopping,online banking
T02999,C0049,2026-08-25,-1562.7,rent,direct debit
T02227,C0106,2026-08-25,-59.43,groceries,online banking
T02228,C0091,2026-08-25,-140.05,utilities,direct debit
T02342,C0169,2026-08-25,-270.66,shopping,direct debit
T03181,C0251,2026-08-26,-69.49,restaurants,online banking
T02129,C0290,2026-08-26,-18.88,restaurants,card
T01550,C0046,2026-08-26,-1471.65,rent,direct debit
T00010,C0253,2026-08-26,-688.82,travel,online banking
T05294,C0098,2026-08-26,-376.32,shopping,app transfer
T04763,C0117,2026-08-26,-70.53,groceries,card
T01434,C0168,2026-08-26,-456.89,travel,card
T01383,C0266,2026-08-26,-48.64,insurance,direct debit
T00495,C0136,2026-08-26,-29.53,shopping,app transfer
T01476,C0195,2026-08-26,-129.28,shopping,direct debit
T04973,C0179,2026-08-26,-178.79,insurance,app transfer
T01225,C0155,2026-08-26,-23.56,restaurants,online banking
T00358,C0158,2026-08-26,-62.4,insurance,card
T00884,C0059,2026-08-26,-72.06,insurance,card
T04124,C0257,2026-08-26,-99.97,insurance,direct debit
T01975,C0274,2026-08-26,-175.3,shopping,direct debit
T03733,C0139,2026-08-26,-10.33,groceries,app transfer
T04277,C0120,2026-08-26,-49.9,utilities,direct debit
T02555,C0238,2026-08-26,-1079.57,rent,direct debit
T01769,C0180,2026-08-26,-44.21,restaurants,online banking
T01002,C0190,2026-08-26,-645.36,travel,card
T01049,C0287,2026-08-26,-55.92,insurance,card
T03947,C0174,2026-08-27,-61.29,groceries,direct debit
T03936,C0142,2026-08-27,-64.22,travel,online banking
T01811,C0110,2026-08-27,2967.83,salary,direct debit
T00549,C0170,2026-08-27,-87.49,groceries,app transfer
T03204,C0210,2026-08-27,-140.43,insurance,app transfer
T03656,C0190,2026-08-27,-88.53,groceries,app transfer
T04808,C0240,2026-08-27,-1520.25,rent,direct debit
T04964,C0246,2026-08-27,-44.37,insurance,direct debit
T00452,C0112,2026-08-27,-127.84,shopping,online banking
T04073,C0181,2026-08-27,2158.74,salary,card
T05860,C0239,2026-08-27,-86.67,restaurants,card
T02554,C0210,2026-08-27,2124.07,salary,direct debit
T02112,C0188,2026-08-27,-94.32,groceries,direct debit
T02294,C0165,2026-08-28,-235.81,travel,direct debit
T05435,C0150,2026-08-28,-1512.54,rent,direct debit
T04409,C0292,2026-08-28,2620.49,salary,direct debit
T03074,C0068,2026-08-28,3161.48,salary,direct debit
T05845,C0121,2026-08-28,-164.41,shopping,app transfer
T00727,C0166,2026-08-28,3756.62,salary,app transfer
T02143,C0072,2026-08-28,-113.89,insurance,direct debit
T00102,C0264,2026-08-28,-99.8,insurance,direct debit
T01976,C0196,2026-08-28,-681.25,travel,app transfer
T03558,C0190,2026-08-28,-313.56,shopping,online banking
T00144,C0259,2026-08-28,-274.64,travel,card
T01128,C0110,2026-08-28,-62.87,insurance,online banking
T03254,C0249,2026-08-28,-39.89,insurance,direct debit
T02362,C0244,2026-08-28,-955.83,rent,direct debit
T03714,C0079,2026-08-29,-120.63,insurance,direct debit
T05914,C0129,2026-08-29,-99.17,insurance,direct debit
T00995,C0021,2026-08-29,-90.15,groceries,card
T00105,C0254,2026-08-29,-121.44,shopping,card
T05791,C0279,2026-08-29,-257.91,travel,card
T02039,C0136,2026-08-29,-63.32,utilities,direct debit
T04623,C0154,2026-08-29,-92.56,groceries,app transfer
T00801,C0258,2026-08-29,-652.34,travel,direct debit
T02963,C0195,2026-08-29,4390.97,salary,online banking
T02574,C0251,2026-08-29,-225.92,utilities,direct debit
T02665,C0124,2026-08-29,4407.28,salary,direct debit
T01700,C0094,2026-08-29,-679.46,travel,direct debit
T00193,C0051,2026-08-29,-141.86,insurance,direct debit
T00696,C0147,2026-08-29,3055.23,salary,online banking
T01175,C0006,2026-08-29,-22.39,restaurants,direct debit
T05121,C0040,2026-08-29,-165.06,utilities,direct debit
T03081,C0204,2026-08-29,-53.67,restaurants,app transfer
T02510,C0288,2026-08-29,-641.88,travel,direct debit
T00465,C0061,2026-08-29,-28.59,insurance,card
T02881,C0009,2026-08-29,-29.04,restaurants,app transfer
T02737,C0195,2026-08-29,-241.34,utilities,direct debit
T02332,C0015,2026-08-29,4407.6,salary,app transfer
T04883,C0044,2026-08-29,-76.47,restaurants,online banking
T03307,C0033,2026-08-29,-1367.83,rent,direct debit
T02749,C0281,2026-08-29,-377.39,shopping,app transfer
T02337,C0244,2026-08-29,-360.82,shopping,direct debit
T04362,C0003,2026-08-29,-44.26,restaurants,card
T03819,C0272,2026-08-30,-24.64,restaurants,card
T03764,C0047,2026-08-30,-79.29,restaurants,online banking
T04505,C0263,2026-08-30,-84.77,restaurants,card
T02159,C0052,2026-08-30,3015.46,salary,online banking
T02071,C0296,2026-08-30,-156.87,shopping,online banking
T02637,C0234,2026-08-30,3029.6,salary,direct debit
T00462,C0050,2026-08-30,-59.9,shopping,direct debit
T04302,C0088,2026-08-30,-43.68,restaurants,app transfer
T03845,C0138,2026-08-30,-99.83,shopping,direct debit
T03836,C0035,2026-08-30,-30.47,restaurants,app transfer
T01630,C0147,2026-08-30,-91.64,utilities,direct debit
T04262,C0208,2026-08-30,-86.49,groceries,card
T00165,C0036,2026-08-30,-11.55,groceries,online banking
T00634,C0075,2026-08-30,-84.22,restaurants,online banking
T00776,C0231,2026-08-30,-18.87,shopping,app transfer
T00156,C0282,2026-08-30,-1369.48,rent,direct debit
T01237,C0185,2026-08-30,-1409.77,rent,direct debit
T00413,C0204,2026-08-30,-200.75,shopping,direct debit
T00378,C0030,2026-08-30,-216.48,shopping,app transfer
T02324,C0200,2026-08-30,-13.24,restaurants,direct debit
T05931,C0061,2026-08-30,-8.13,groceries,online banking
T00906,C0126,2026-08-30,-61.19,restaurants,card
T03561,C0190,2026-08-30,-1591.57,rent,direct debit
T05518,C0277,2026-08-30,-526.64,travel,online banking
T02225,C0090,2026-08-30,-236.17,utilities,direct debit
T01178,C0121,2026-08-30,2047.79,salary,card
T04065,C0012,2026-08-30,-83.96,restaurants,online banking
T04078,C0204,2026-08-30,-17.77,shopping,online banking
T05805,C0198,2026-08-30,-1340.54,rent,direct debit
T01934,C0107,2026-08-31,-140.19,utilities,direct debit
T03344,C0056,2026-08-31,-73.95,groceries,online banking
T01384,C0254,2026-08-31,-62.93,insurance,online banking
T03339,C0245,2026-08-31,-945.09,rent,direct debit
T03738,C0255,2026-08-31,-71.03,insurance,app transfer
T04035,C0151,2026-08-31,-192.16,shopping,card
T05623,C0261,2026-08-31,-1322.34,rent,direct debit
T02799,C0213,2026-08-31,-881.39,travel,direct debit
T02864,C0070,2026-08-31,-50.56,restaurants,direct debit
T02822,C0108,2026-08-31,-265.91,shopping,direct debit
T02569,C0190,2026-08-31,-94.29,travel,online banking
T02194,C0294,2026-08-31,3918.93,salary,online banking
T02425,C0196,2026-08-31,-781.58,rent,direct debit
T05317,C0210,2026-08-31,-28.77,restaurants,card
T03853,C0263,2026-08-31,-64.68,groceries,app transfer
T03038,C0286,2026-08-31,-25.36,groceries,card
T03065,C0252,2026-08-31,-83.98,restaurants,card
T01281,C0234,2026-08-31,-37.17,utilities,direct debit
T01252,C0126,2026-08-31,-46.23,groceries,app transfer
T00518,C0170,2026-08-31,-134.67,insurance,direct debit
T04293,C0059,2026-09-01,-14.09,groceries,app transfer
T00970,C0214,2026-09-01,-280.02,shopping,app transfer
T00555,C0272,2026-09-01,-249.26,utilities,direct debit
T05221,C0286,2026-09-01,-917.32,rent,direct debit
T02571,C0161,2026-09-01,-203.1,utilities,direct debit
T03300,C0110,2026-09-01,-188.34,utilities,direct debit
T02626,C0016,2026-09-01,-25.62,restaurants,card
T05595,C0151,2026-09-01,-842.73,travel,card
T01418,C0222,2026-09-01,-71.92,shopping,direct debit
T00256,C0179,2026-09-01,-35.62,insurance,online banking
T01410,C0097,2026-09-01,-753.21,rent,direct debit
T05492,C0281,2026-09-01,-682.08,rent,direct debit
T02688,C0097,2026-09-01,-135.22,utilities,direct debit
T02680,C0184,2026-09-01,-166.52,shopping,app transfer
T04908,C0297,2026-09-01,-20.45,restaurants,direct debit
T04514,C0034,2026-09-01,-1216.56,rent,direct debit
T01087,C0036,2026-09-01,-236.6,utilities,direct debit
T04698,C0111,2026-09-01,-367.88,shopping,online banking
T04901,C0248,2026-09-01,-443.46,travel,card
T02483,C0011,2026-09-01,-85.1,restaurants,online banking
T01290,C0194,2026-09-01,2246.96,salary,app transfer
T05341,C0168,2026-09-01,-62.87,restaurants,app transfer
T00016,C0165,2026-09-01,-140.3,utilities,direct debit
T04718,C0224,2026-09-01,-216.81,utilities,direct debit
T01276,C0067,2026-09-01,-854.05,rent,direct debit
T01079,C0259,2026-09-01,-110.62,utilities,direct debit
T00214,C0109,2026-09-01,-89.64,utilities,direct debit
T03711,C0053,2026-09-01,-122.75,insurance,online banking
T01515,C0220,2026-09-01,1835.45,salary,card
T00211,C0283,2026-09-01,-703.31,rent,direct debit
T00460,C0274,2026-09-01,-229.44,utilities,direct debit
T05367,C0293,2026-09-01,3765.29,salary,online banking
T00419,C0275,2026-09-01,-1194.08,rent,direct debit
T05022,C0163,2026-09-01,-41.22,restaurants,online banking
T00827,C0112,2026-09-01,-129.82,utilities,direct debit
T05299,C0154,2026-09-02,3788.58,salary,online banking
T04815,C0165,2026-09-02,-54.7,restaurants,online banking
T04817,C0201,2026-09-02,-60.83,restaurants,online banking
T04818,C0198,2026-09-02,-78.85,groceries,app transfer
T02076,C0190,2026-09-02,-110.1,insurance,direct debit
T01720,C0196,2026-09-02,-73.67,groceries,card
T04391,C0244,2026-09-02,-114.62,groceries,direct debit
T05360,C0204,2026-09-02,2768.36,salary,direct debit
T01535,C0294,2026-09-02,-256.12,shopping,app transfer
T01486,C0125,2026-09-02,-37.59,utilities,direct debit
T03026,C0122,2026-09-02,-346.51,shopping,app transfer
T05878,C0076,2026-09-02,-64.81,restaurants,card
T02773,C0263,2026-09-02,4390.58,salary,online banking
T00137,C0244,2026-09-02,-1268.01,rent,direct debit
T01220,C0088,2026-09-02,-59.54,groceries,online banking
T00608,C0246,2026-09-03,-53.71,insurance,app transfer
T03671,C0023,2026-09-03,-72.29,insurance,direct debit
T00534,C0181,2026-09-03,-57.46,restaurants,online banking
T05779,C0033,2026-09-03,-64.68,restaurants,online banking
T03970,C0131,2026-09-03,-1178.2,rent,direct debit
T00401,C0052,2026-09-03,-1399.29,rent,direct debit
T02742,C0134,2026-09-03,4073.13,salary,app transfer
T03757,C0269,2026-09-03,-59.13,insurance,direct debit
T03818,C0258,2026-09-03,-110.37,groceries,card
T03644,C0146,2026-09-03,-21.1,insurance,card
T02628,C0012,2026-09-03,-34.68,shopping,app transfer
T01671,C0072,2026-09-03,-197.13,utilities,direct debit
T01343,C0015,2026-09-03,-45.69,restaurants,card
T05916,C0163,2026-09-03,-1094.7,rent,direct debit
T00128,C0163,2026-09-03,-75.81,insurance,direct debit
T00119,C0299,2026-09-03,-27.1,groceries,online banking
T05409,C0161,2026-09-03,-186.7,utilities,direct debit
T01553,C0294,2026-09-03,-38.66,groceries,card
T04895,C0092,2026-09-03,-140.63,insurance,online banking
T04631,C0275,2026-09-03,-87.27,restaurants,card
T04392,C0152,2026-09-03,-293.3,shopping,card
T05627,C0195,2026-09-03,-191.44,travel,card
T01065,C0009,2026-09-03,-339.46,travel,direct debit
T05093,C0135,2026-09-03,-675.85,rent,direct debit
T01611,C0102,2026-09-03,-865.34,travel,direct debit
T05142,C0062,2026-09-03,-604.9,travel,direct debit
T00877,C0180,2026-09-03,-47.98,restaurants,app transfer
T03129,C0058,2026-09-04,-58.72,restaurants,app transfer
T01477,C0288,2026-09-04,-718.34,rent,direct debit
T02797,C0084,2026-09-04,-238.67,utilities,direct debit
T02169,C0199,2026-09-04,-23.58,shopping,online banking
T05649,C0145,2026-09-04,2682.1,salary,card
T02672,C0102,2026-09-04,-49.93,restaurants,card
T04244,C0161,2026-09-04,2496.82,salary,direct debit
T03432,C0004,2026-09-04,4322.04,salary,direct debit
T04891,C0240,2026-09-04,-38.14,restaurants,card
T02365,C0074,2026-09-04,-747.3,travel,app transfer
T05711,C0114,2026-09-04,-70.11,insurance,direct debit
T01053,C0298,2026-09-04,2972.95,salary,direct debit
T02912,C0001,2026-09-04,3977.77,salary,card
T00618,C0048,2026-09-04,-63.43,restaurants,card
T05636,C0199,2026-09-04,-112.74,shopping,card
T02957,C0098,2026-09-04,-86.34,restaurants,card
T04180,C0052,2026-09-04,-111.92,utilities,direct debit
T05646,C0245,2026-09-04,-147.14,insurance,card
T04129,C0076,2026-09-04,-128.83,travel,card
T01952,C0283,2026-09-04,-13.84,groceries,online banking
T01797,C0141,2026-09-04,-87.7,shopping,card
T01899,C0290,2026-09-04,-279.33,shopping,card
T05540,C0255,2026-09-05,-1285.84,rent,direct debit
T05483,C0027,2026-09-05,-86.36,restaurants,online banking
T00203,C0031,2026-09-05,2719.93,salary,card
T02266,C0260,2026-09-05,3111.66,salary,direct debit
T00757,C0167,2026-09-05,-25.49,restaurants,card
T04452,C0005,2026-09-05,-325.0,travel,direct debit
T05099,C0086,2026-09-05,-84.93,restaurants,online banking
T05138,C0236,2026-09-05,-61.61,restaurants,app transfer
T01554,C0197,2026-09-05,-899.96,travel,online banking
T05563,C0182,2026-09-05,-866.65,rent,direct debit
T05042,C0300,2026-09-05,-455.93,travel,card
T01919,C0035,2026-09-05,-1007.7,rent,direct debit
T04357,C0265,2026-09-05,-72.54,utilities,direct debit
T03776,C0110,2026-09-05,-119.65,utilities,direct debit
T04194,C0278,2026-09-05,-202.13,shopping,online banking
T01598,C0154,2026-09-05,-124.48,shopping,app transfer
T00647,C0194,2026-09-05,-143.19,insurance,direct debit
T04038,C0257,2026-09-05,-397.43,shopping,app transfer
T01641,C0035,2026-09-05,-1048.05,rent,direct debit
T05363,C0234,2026-09-05,-41.22,restaurants,card
T00783,C0162,2026-09-06,-79.61,restaurants,card
T01138,C0022,2026-09-06,-712.72,travel,card
T04743,C0052,2026-09-06,-62.87,shopping,app transfer
T01740,C0176,2026-09-06,3925.88,salary,online banking
T01514,C0120,2026-09-06,-84.03,insurance,card
T02248,C0194,2026-09-06,2749.38,salary,online banking
T01190,C0288,2026-09-06,3264.05,salary,card
T00912,C0147,2026-09-06,-17.24,groceries,card
T04954,C0208,2026-09-06,-45.32,restaurants,card
T01135,C0238,2026-09-06,-228.33,shopping,online banking
T03904,C0242,2026-09-06,-69.98,utilities,direct debit
T03482,C0209,2026-09-07,-71.77,groceries,card
T00505,C0248,2026-09-07,-137.13,travel,online banking
T01230,C0019,2026-09-07,-165.88,shopping,online banking
T01789,C0038,2026-09-07,-1561.26,rent,direct debit
T05525,C0270,2026-09-07,-308.51,travel,card
T04106,C0051,2026-09-07,-99.97,utilities,direct debit
T04878,C0057,2026-09-07,-154.53,insurance,online banking
T05385,C0155,2026-09-07,-77.94,insurance,card
T05887,C0071,2026-09-07,-120.19,utilities,direct debit
T01731,C0064,2026-09-07,-74.05,travel,direct debit
T00876,C0233,2026-09-07,4418.29,salary,online banking
T02026,C0141,2026-09-07,-181.18,shopping,app transfer
T01600,C0238,2026-09-07,-14.44,groceries,card
T00293,C0233,2026-09-07,3616.32,salary,card
T03127,C0165,2026-09-07,-94.58,groceries,direct debit
T01498,C0102,2026-09-07,-196.51,travel,card
T03691,C0046,2026-09-07,-416.81,travel,direct debit
T03901,C0123,2026-09-07,-1189.69,rent,direct debit
T02765,C0162,2026-09-07,-30.25,groceries,card
T00272,C0096,2026-09-07,-1253.73,rent,direct debit
T03415,C0236,2026-09-07,-47.64,restaurants,card
T05582,C0258,2026-09-08,-59.91,insurance,direct debit
T03360,C0086,2026-09-08,-76.19,shopping,app transfer
T03191,C0284,2026-09-08,-246.57,shopping,online banking
T05002,C0117,2026-09-08,-165.12,insurance,direct debit
T00160,C0106,2026-09-08,-19.09,restaurants,online banking
T05260,C0061,2026-09-08,-513.32,travel,direct debit
T05205,C0076,2026-09-08,3258.9,salary,online banking
T05331,C0258,2026-09-08,-276.1,travel,online banking
T00726,C0278,2026-09-08,-84.01,shopping,app transfer
T05792,C0083,2026-09-08,-1232.42,rent,direct debit
T05775,C0291,2026-09-08,3235.3,salary,app transfer
T02897,C0125,2026-09-08,-137.56,utilities,direct debit
T00198,C0132,2026-09-08,1890.43,salary,online banking
T04835,C0128,2026-09-08,-239.04,utilities,direct debit
T04248,C0157,2026-09-08,-102.8,groceries,online banking
T04130,C0190,2026-09-08,-88.15,insurance,card
T01612,C0216,2026-09-08,-54.91,restaurants,app transfer
T01381,C0261,2026-09-08,-219.94,travel,card
T03165,C0135,2026-09-08,-802.14,rent,direct debit
T00290,C0202,2026-09-08,-61.28,utilities,direct debit
T04155,C0106,2026-09-08,3785.11,salary,direct debit
T05403,C0024,2026-09-08,-704.9,rent,direct debit
T02961,C0148,2026-09-09,-103.56,insurance,card
T04924,C0184,2026-09-09,-226.77,utilities,direct debit
T00276,C0210,2026-09-09,-86.5,insurance,online banking
T02605,C0299,2026-09-09,-31.57,utilities,direct debit
T05189,C0197,2026-09-09,-63.65,restaurants,direct debit
T00802,C0199,2026-09-09,-447.51,travel,app transfer
T02659,C0022,2026-09-09,-176.32,insurance,online banking
T01929,C0130,2026-09-09,-126.25,utilities,direct debit
T01788,C0052,2026-09-09,-1405.67,rent,direct debit
T00738,C0107,2026-09-09,-111.98,groceries,card
T00434,C0144,2026-09-09,-344.71,shopping,card
T03358,C0276,2026-09-09,-276.05,shopping,card
T04828,C0053,2026-09-09,-267.05,shopping,app transfer
T01106,C0057,2026-09-09,-125.61,insurance,online banking
T01662,C0292,2026-09-09,-237.54,utilities,direct debit
T05659,C0010,2026-09-09,-182.16,utilities,direct debit
T04070,C0247,2026-09-09,-312.21,shopping,app transfer
T02566,C0214,2026-09-09,-32.85,utilities,direct debit
T03488,C0202,2026-09-09,-59.35,groceries,app transfer
T00493,C0294,2026-09-10,-23.63,restaurants,card
T03145,C0071,2026-09-10,-647.25,travel,direct debit
T00079,C0122,2026-09-10,-62.6,travel,direct debit
T04044,C0052,2026-09-10,-72.38,restaurants,card
T03606,C0046,2026-09-10,-612.95,travel,online banking
T04360,C0139,2026-09-10,-56.3,groceries,online banking
T05334,C0061,2026-09-10,-45.1,restaurants,direct debit
T00657,C0041,2026-09-10,-59.88,restaurants,card
T00344,C0189,2026-09-10,-179.65,insurance,app transfer
T03923,C0260,2026-09-10,-28.03,restaurants,online banking
T01331,C0144,2026-09-10,-109.3,groceries,app transfer
T05465,C0052,2026-09-10,-168.63,insurance,card
T01330,C0120,2026-09-10,-242.81,utilities,direct debit
T02080,C0031,2026-09-10,-85.45,utilities,direct debit
T04701,C0223,2026-09-10,-58.84,restaurants,card
T01240,C0213,2026-09-10,-35.68,restaurants,app transfer
T02265,C0139,2026-09-10,-1249.57,rent,direct debit
T05390,C0131,2026-09-10,-64.22,restaurants,online banking
T03460,C0022,2026-09-10,-61.06,restaurants,direct debit
T04848,C0150,2026-09-10,-131.52,utilities,direct debit
T04986,C0278,2026-09-10,-1399.54,rent,direct debit
T03490,C0038,2026-09-10,-31.8,groceries,online banking
T02548,C0033,2026-09-10,-46.55,groceries,card
T02596,C0036,2026-09-10,3418.49,salary,card
T01233,C0060,2026-09-11,-119.63,insurance,direct debit
T05839,C0004,2026-09-11,-91.77,utilities,direct debit
T05153,C0159,2026-09-11,-39.42,restaurants,card
T00279,C0235,2026-09-11,-512.76,travel,card
T04465,C0068,2026-09-11,-38.27,groceries,online banking
T05326,C0210,2026-09-11,-100.38,insurance,online banking
T00180,C0219,2026-09-11,-80.32,travel,direct debit
T01170,C0148,2026-09-11,-159.01,shopping,online banking
T01189,C0060,2026-09-11,-688.75,rent,direct debit
T04234,C0045,2026-09-11,-77.41,groceries,app transfer
T00997,C0232,2026-09-11,-30.76,restaurants,card
T05556,C0266,2026-09-11,-46.37,insurance,online banking
T05217,C0136,2026-09-11,-174.59,insurance,direct debit
T03107,C0237,2026-09-11,-59.61,restaurants,online banking
T03224,C0119,2026-09-11,-64.47,insurance,app transfer
T01837,C0039,2026-09-11,-16.7,restaurants,card
T02215,C0207,2026-09-11,-196.5,utilities,direct debit
T05653,C0291,2026-09-11,-118.32,utilities,direct debit
T01856,C0138,2026-09-11,-75.26,utilities,direct debit
T02519,C0182,2026-09-11,-13.24,restaurants,online banking
T02423,C0016,2026-09-11,-666.65,travel,direct debit
T03990,C0072,2026-09-11,-74.34,utilities,direct debit
T03955,C0058,2026-09-11,-755.41,rent,direct debit
T00637,C0090,2026-09-11,-57.16,groceries,app transfer
T01787,C0040,2026-09-11,-77.88,restaurants,app transfer
T02087,C0218,2026-09-11,-27.12,groceries,online banking
T02467,C0285,2026-09-12,-27.66,restaurants,card
T01726,C0291,2026-09-12,-123.77,travel,card
T02593,C0068,2026-09-12,-15.15,groceries,card
T01016,C0076,2026-09-12,-23.74,restaurants,app transfer
T02447,C0157,2026-09-12,-1592.67,rent,direct debit
T02710,C0094,2026-09-12,3487.5,salary,online banking
T02330,C0016,2026-09-12,-215.51,travel,online banking
T01517,C0066,2026-09-12,-97.24,groceries,direct debit
T02630,C0020,2026-09-12,-56.44,groceries,online banking
T05819,C0157,2026-09-12,-119.45,groceries,app transfer
T01689,C0215,2026-09-12,-1161.81,rent,direct debit
T02438,C0052,2026-09-12,-206.12,travel,app transfer
T00061,C0255,2026-09-12,-355.92,travel,direct debit
T05608,C0171,2026-09-12,-78.95,restaurants,direct debit
T04237,C0040,2026-09-12,-75.61,shopping,direct debit
T03109,C0259,2026-09-12,-1332.61,rent,direct debit
T04950,C0222,2026-09-12,-112.15,groceries,online banking
T03630,C0037,2026-09-12,-18.76,groceries,card
T03798,C0158,2026-09-12,-60.79,insurance,direct debit
T04426,C0217,2026-09-12,-75.1,restaurants,direct debit
T03895,C0272,2026-09-12,3944.77,salary,online banking
T05519,C0266,2026-09-12,-214.57,travel,card
T04822,C0113,2026-09-12,-729.6,rent,direct debit
T04022,C0006,2026-09-12,2514.34,salary,online banking
T03217,C0299,2026-09-12,-748.2,travel,card
T00329,C0084,2026-09-12,-114.74,groceries,direct debit
T01452,C0155,2026-09-13,-1583.95,rent,direct debit
T05079,C0220,2026-09-13,-32.52,insurance,online banking
T03382,C0058,2026-09-13,-65.87,travel,app transfer
T01405,C0005,2026-09-13,-326.06,shopping,direct debit
T02427,C0130,2026-09-13,-736.2,rent,direct debit
T02391,C0089,2026-09-13,2187.05,salary,direct debit
T02617,C0106,2026-09-13,1943.65,salary,online banking
T03280,C0262,2026-09-13,-619.93,travel,direct debit
T02203,C0237,2026-09-13,-221.15,travel,app transfer
T03579,C0137,2026-09-13,-28.96,shopping,online banking
T05767,C0165,2026-09-13,-61.64,groceries,direct debit
T03829,C0133,2026-09-13,-42.42,groceries,online banking
T04721,C0020,2026-09-13,-35.53,restaurants,card
T01278,C0300,2026-09-13,-258.22,shopping,online banking
T05440,C0049,2026-09-13,-166.66,travel,direct debit
T04812,C0232,2026-09-13,-45.38,restaurants,online banking
T01249,C0260,2026-09-13,-137.21,insurance,card
T03557,C0271,2026-09-13,3404.7,salary,direct debit
T02762,C0258,2026-09-13,-148.57,travel,card
T00244,C0210,2026-09-13,-22.86,restaurants,direct debit
T00514,C0046,2026-09-13,-91.53,insurance,card
T00902,C0296,2026-09-13,-102.84,groceries,app transfer
T04581,C0182,2026-09-13,-40.55,restaurants,app transfer
T00604,C0004,2026-09-14,-161.13,insurance,online banking
T00784,C0102,2026-09-14,-871.44,travel,card
T01479,C0007,2026-09-14,-89.8,groceries,direct debit
T04678,C0115,2026-09-14,4275.08,salary,online banking
T03999,C0169,2026-09-14,-65.19,shopping,direct debit
T05249,C0233,2026-09-14,-142.44,shopping,direct debit
T05080,C0060,2026-09-14,-100.08,insurance,app transfer
T00593,C0238,2026-09-14,-478.95,travel,online banking
T01615,C0177,2026-09-14,-51.74,travel,app transfer
T03972,C0005,2026-09-14,-66.86,groceries,direct debit
T05962,C0061,2026-09-14,-1282.71,rent,direct debit
T01613,C0205,2026-09-14,2539.81,salary,online banking
T04797,C0081,2026-09-14,-39.93,utilities,direct debit
T04485,C0263,2026-09-14,-53.06,restaurants,app transfer
T04537,C0240,2026-09-14,-23.67,restaurants,app transfer
T01141,C0058,2026-09-14,-235.25,utilities,direct debit
T00466,C0100,2026-09-14,-39.17,insurance,online banking
T01394,C0151,2026-09-14,-52.0,restaurants,card
T04316,C0131,2026-09-14,-1366.2,rent,direct debit
T02106,C0155,2026-09-14,2447.98,salary,app transfer
T02165,C0175,2026-09-14,2277.26,salary,online banking
T01916,C0257,2026-09-15,3930.89,salary,online banking
T01848,C0204,2026-09-15,-410.53,travel,direct debit
T01865,C0269,2026-09-15,-66.81,utilities,direct debit
T00205,C0009,2026-09-15,-327.13,shopping,online banking
T01719,C0209,2026-09-15,4227.29,salary,app transfer
T03342,C0191,2026-09-15,-75.59,restaurants,direct debit
T04826,C0177,2026-09-15,-1458.88,rent,direct debit
T00376,C0290,2026-09-15,3631.67,salary,direct debit
T03365,C0167,2026-09-15,-212.54,utilities,direct debit
T01242,C0090,2026-09-15,-67.49,travel,card
T04268,C0264,2026-09-15,-690.11,travel,online banking
T03452,C0278,2026-09-15,-86.14,shopping,direct debit
T03428,C0091,2026-09-15,-46.07,insurance,direct debit
T03272,C0276,2026-09-15,-78.11,groceries,direct debit
T00339,C0062,2026-09-15,2682.02,salary,card
T01534,C0159,2026-09-15,1826.1,salary,card
T03509,C0058,2026-09-15,-46.05,restaurants,direct debit
T02214,C0163,2026-09-15,-53.78,restaurants,online banking
T04047,C0257,2026-09-15,-324.45,shopping,card
T01963,C0164,2026-09-15,-50.71,shopping,direct debit
T00153,C0208,2026-09-15,-833.87,travel,direct debit
T01119,C0255,2026-09-15,2309.07,salary,direct debit
T04463,C0087,2026-09-15,2350.4,salary,app transfer
T02127,C0102,2026-09-16,-169.61,shopping,card
T01308,C0261,2026-09-16,-81.61,insurance,card
T02067,C0038,2026-09-16,-68.32,restaurants,online banking
T01179,C0130,2026-09-16,-77.4,groceries,direct debit
T02998,C0043,2026-09-16,-50.74,restaurants,direct debit
T05188,C0040,2026-09-16,3359.58,salary,card
T03368,C0243,2026-09-16,-65.86,insurance,card
T05060,C0218,2026-09-16,-51.18,utilities,direct debit
T01473,C0217,2026-09-16,-117.5,insurance,online banking
T05339,C0180,2026-09-16,-210.0,utilities,direct debit
T04167,C0208,2026-09-16,-208.9,utilities,direct debit
T02795,C0051,2026-09-16,-352.17,travel,online banking
T03281,C0217,2026-09-16,-169.38,travel,online banking
T01948,C0255,2026-09-17,-33.23,groceries,direct debit
T00322,C0204,2026-09-17,-40.09,groceries,online banking
T03462,C0237,2026-09-17,-85.43,restaurants,card
T05115,C0288,2026-09-17,-31.36,insurance,app transfer
T05416,C0073,2026-09-17,-79.39,restaurants,online banking
T01561,C0064,2026-09-17,-35.29,restaurants,app transfer
T00856,C0228,2026-09-17,-13.94,restaurants,online banking
T01920,C0093,2026-09-17,-144.06,insurance,direct debit
T00590,C0010,2026-09-17,-61.27,restaurants,online banking
T05826,C0274,2026-09-17,4481.12,salary,online banking
T04466,C0188,2026-09-17,-46.72,insurance,online banking
T01360,C0122,2026-09-17,-99.75,groceries,card
T05523,C0094,2026-09-17,-31.46,utilities,direct debit
T02051,C0138,2026-09-17,-93.89,shopping,online banking
T03103,C0232,2026-09-17,3263.71,salary,card
T02073,C0274,2026-09-17,-105.4,shopping,card
T02545,C0212,2026-09-17,-259.83,shopping,app transfer
T00975,C0277,2026-09-17,3907.95,salary,app transfer
T01468,C0121,2026-09-17,-47.2,utilities,direct debit
T05862,C0252,2026-09-18,-67.88,groceries,online banking
T04519,C0154,2026-09-18,-175.79,insurance,card
T02906,C0113,2026-09-18,-1259.79,rent,direct debit
T03515,C0089,2026-09-18,-64.18,insurance,direct debit
T02792,C0169,2026-09-18,-127.22,shopping,online banking
T05304,C0272,2026-09-18,-168.28,insurance,online banking
T05434,C0001,2026-09-18,-135.97,utilities,direct debit
T00559,C0264,2026-09-18,3297.0,salary,card
T01192,C0087,2026-09-18,-747.41,travel,app transfer
T05216,C0022,2026-09-18,2841.52,salary,online banking
T02776,C0013,2026-09-18,-32.49,groceries,direct debit
T00632,C0110,2026-09-18,-43.24,restaurants,direct debit
T00078,C0186,2026-09-18,-232.85,travel,app transfer
T00782,C0195,2026-09-18,-244.85,utilities,direct debit
T03781,C0051,2026-09-18,-668.74,travel,app transfer
T02451,C0223,2026-09-18,-66.69,groceries,app transfer
T00115,C0260,2026-09-18,3062.68,salary,direct debit
T02696,C0246,2026-09-18,-804.32,travel,app transfer
T02701,C0241,2026-09-19,-200.24,shopping,app transfer
T03602,C0024,2026-09-19,-49.99,insurance,online banking
T05426,C0097,2026-09-19,-174.62,insurance,direct debit
T04560,C0141,2026-09-19,-175.81,utilities,direct debit
T00453,C0004,2026-09-19,-89.96,restaurants,direct debit
T02968,C0138,2026-09-19,-235.95,travel,direct debit
T00659,C0094,2026-09-19,-64.84,insurance,app transfer
T01900,C0300,2026-09-19,-69.67,restaurants,card
T03302,C0165,2026-09-19,-46.81,shopping,direct debit
T04318,C0140,2026-09-19,-1169.45,rent,direct debit
T05604,C0120,2026-09-19,2337.88,salary,card
T04563,C0236,2026-09-19,2841.7,salary,app transfer
T04286,C0288,2026-09-20,-193.35,utilities,direct debit
T04657,C0136,2026-09-20,-409.84,travel,app transfer
T04741,C0021,2026-09-20,-183.58,shopping,card
T04007,C0114,2026-09-20,-424.19,travel,direct debit
T03859,C0248,2026-09-20,-41.0,utilities,direct debit
T05844,C0288,2026-09-20,3429.28,salary,card
T03924,C0184,2026-09-20,-55.59,insurance,app transfer
T00227,C0230,2026-09-20,-1037.64,rent,direct debit
T01895,C0125,2026-09-20,-155.51,shopping,direct debit
T05589,C0090,2026-09-20,3234.21,salary,app transfer
T03550,C0264,2026-09-20,-61.63,restaurants,card
T03419,C0172,2026-09-20,-114.02,insurance,online banking
T02857,C0054,2026-09-20,-1387.07,rent,direct debit
T01037,C0045,2026-09-20,-83.11,insurance,online banking
T03541,C0293,2026-09-20,-74.73,restaurants,direct debit
T00610,C0069,2026-09-20,-73.7,travel,app transfer
T00448,C0210,2026-09-20,-17.82,shopping,card
T02611,C0229,2026-09-20,-94.24,groceries,app transfer
T03270,C0190,2026-09-20,-161.0,utilities,direct debit
T01446,C0213,2026-09-20,-20.06,groceries,direct debit
T00908,C0233,2026-09-20,-164.97,insurance,direct debit
T02152,C0084,2026-09-20,-26.64,groceries,direct debit
T02691,C0245,2026-09-20,-89.21,restaurants,card
T04551,C0282,2026-09-20,-182.88,shopping,app transfer
T03082,C0256,2026-09-20,-47.25,insurance,app transfer
T00067,C0187,2026-09-20,-1411.04,rent,direct debit
T02349,C0144,2026-09-21,-84.06,restaurants,direct debit
T05151,C0061,2026-09-21,-45.21,restaurants,card
T05923,C0278,2026-09-21,-660.05,rent,direct debit
T03352,C0136,2026-09-21,4027.96,salary,app transfer
T03053,C0004,2026-09-21,-56.64,groceries,online banking
T04894,C0078,2026-09-21,-46.19,groceries,app transfer
T03087,C0059,2026-09-21,-68.99,utilities,direct debit
T03159,C0188,2026-09-21,-886.92,travel,app transfer
T05837,C0004,2026-09-21,-29.92,groceries,online banking
T01591,C0255,2026-09-21,-129.62,insurance,card
T05024,C0015,2026-09-21,-894.66,rent,direct debit
T00865,C0008,2026-09-21,-19.99,restaurants,direct debit
T04874,C0141,2026-09-21,-62.37,restaurants,online banking
T04329,C0205,2026-09-21,-94.24,insurance,online banking
T04375,C0123,2026-09-21,-49.64,groceries,online banking
T05270,C0033,2026-09-21,-310.38,travel,online banking
T03516,C0050,2026-09-21,-23.47,groceries,online banking
T04989,C0182,2026-09-21,-838.7,rent,direct debit
T05181,C0194,2026-09-22,-1564.73,rent,direct debit
T00456,C0077,2026-09-22,-198.4,utilities,direct debit
T01256,C0235,2026-09-22,-1404.88,rent,direct debit
T02966,C0186,2026-09-22,-33.46,restaurants,app transfer
T01338,C0186,2026-09-22,-141.44,insurance,app transfer
T04450,C0090,2026-09-22,-91.36,utilities,direct debit
T01185,C0136,2026-09-22,-132.07,shopping,app transfer
T01723,C0257,2026-09-22,-893.36,travel,direct debit
T02976,C0128,2026-09-22,-51.02,insurance,app transfer
T00701,C0123,2026-09-22,-1376.31,rent,direct debit
T01401,C0120,2026-09-22,-113.92,insurance,online banking
T05191,C0295,2026-09-22,-961.28,rent,direct debit
T04534,C0150,2026-09-22,-53.57,insurance,online banking
T03870,C0264,2026-09-22,-126.04,shopping,online banking
T04821,C0194,2026-09-22,-659.6,travel,direct debit
T00340,C0115,2026-09-22,-884.02,travel,online banking
T00421,C0258,2026-09-22,-97.65,groceries,app transfer
T00602,C0040,2026-09-22,3820.72,salary,app transfer
T02275,C0167,2026-09-22,-883.79,travel,online banking
T03987,C0002,2026-09-22,-66.36,groceries,card
T03512,C0285,2026-09-22,-692.23,rent,direct debit
T02908,C0140,2026-09-22,-74.36,restaurants,online banking
T04882,C0218,2026-09-22,-1578.88,rent,direct debit
T03383,C0089,2026-09-22,-220.73,utilities,direct debit
T04256,C0006,2026-09-22,-36.03,restaurants,card
T03308,C0034,2026-09-22,-40.28,insurance,direct debit
T05967,C0295,2026-09-22,-787.98,travel,online banking
T05686,C0036,2026-09-22,-52.8,utilities,direct debit
T00438,C0249,2026-09-22,-1473.83,rent,direct debit
T01490,C0042,2026-09-23,-1514.45,rent,direct debit
T00123,C0071,2026-09-23,-31.22,groceries,direct debit
T00251,C0262,2026-09-23,-152.76,utilities,direct debit
T01389,C0228,2026-09-23,-147.11,shopping,card
T05843,C0277,2026-09-23,-128.26,insurance,app transfer
T05907,C0082,2026-09-23,-754.31,travel,card
T01869,C0171,2026-09-23,-312.07,shopping,online banking
T05103,C0064,2026-09-23,-50.81,insurance,card
T03091,C0208,2026-09-23,-201.57,utilities,direct debit
T05558,C0115,2026-09-23,-347.95,shopping,card
T00598,C0106,2026-09-23,-109.67,groceries,direct debit
T02947,C0028,2026-09-23,-194.62,travel,app transfer
T01870,C0139,2026-09-23,-68.8,restaurants,card
T02407,C0096,2026-09-23,-1201.85,rent,direct debit
T00662,C0062,2026-09-23,-93.61,insurance,card
T03985,C0281,2026-09-23,-50.21,groceries,direct debit
T03732,C0258,2026-09-23,-204.65,shopping,direct debit
T03188,C0297,2026-09-23,-249.0,travel,app transfer
T02326,C0066,2026-09-23,-25.44,groceries,online banking
T02022,C0289,2026-09-23,-108.5,groceries,online banking
T02059,C0026,2026-09-23,-28.42,restaurants,app transfer
T00426,C0142,2026-09-24,3262.98,salary,card
T03211,C0155,2026-09-24,-36.58,insurance,direct debit
T04524,C0171,2026-09-24,-281.12,travel,card
T03406,C0286,2026-09-24,-1502.82,rent,direct debit
T02442,C0051,2026-09-24,-34.55,insurance,direct debit
T03381,C0084,2026-09-24,-57.67,insurance,card
T01530,C0065,2026-09-24,2707.89,salary,app transfer
T05312,C0132,2026-09-24,-57.78,restaurants,direct debit
T05654,C0122,2026-09-24,-101.6,insurance,app transfer
T00552,C0095,2026-09-24,-45.0,utilities,direct debit
T02940,C0137,2026-09-24,-653.8,travel,direct debit
T04715,C0083,2026-09-24,-70.23,groceries,card
T05633,C0228,2026-09-24,-1372.22,rent,direct debit
T04884,C0183,2026-09-24,-52.31,insurance,app transfer
T03907,C0091,2026-09-24,-42.06,shopping,direct debit
T00350,C0119,2026-09-24,-54.26,groceries,direct debit
T03013,C0067,2026-09-24,-219.08,shopping,card
T05998,C0041,2026-09-25,-372.74,shopping,app transfer
T05178,C0064,2026-09-25,-52.23,insurance,card
T03130,C0102,2026-09-25,-101.3,groceries,direct debit
T00971,C0139,2026-09-25,-427.36,travel,app transfer
T00733,C0050,2026-09-25,-63.39,restaurants,card
T00991,C0211,2026-09-25,-50.16,restaurants,app transfer
T00019,C0269,2026-09-25,-117.57,insurance,direct debit
T05174,C0084,2026-09-25,2321.21,salary,direct debit
T04488,C0199,2026-09-25,-15.86,restaurants,card
T00695,C0001,2026-09-25,-99.32,groceries,app transfer
T01066,C0227,2026-09-25,-696.69,travel,direct debit
T04118,C0265,2026-09-25,-397.52,shopping,app transfer
T01793,C0082,2026-09-25,-91.07,groceries,card
T01833,C0063,2026-09-25,-104.41,insurance,online banking
T01879,C0077,2026-09-25,-174.67,insurance,app transfer
T02079,C0243,2026-09-25,-1336.88,rent,direct debit
T02108,C0160,2026-09-25,3644.18,salary,card
T01284,C0021,2026-09-25,-69.79,shopping,direct debit
T05066,C0199,2026-09-25,-21.48,restaurants,online banking
T00624,C0296,2026-09-25,-21.2,groceries,card
T02255,C0291,2026-09-25,-59.68,insurance,direct debit
T00777,C0105,2026-09-25,-195.08,utilities,direct debit
T02375,C0116,2026-09-25,-50.19,shopping,direct debit
T04230,C0199,2026-09-25,-77.92,insurance,online banking
T04472,C0054,2026-09-25,-233.57,utilities,direct debit
T03402,C0022,2026-09-25,-118.43,insurance,direct debit
T05261,C0030,2026-09-25,3680.31,salary,card
T00768,C0288,2026-09-26,-84.17,utilities,direct debit
T04994,C0187,2026-09-26,-95.36,insurance,direct debit
T04870,C0111,2026-09-26,-90.18,groceries,card
T05975,C0278,2026-09-26,-93.76,insurance,online banking
T05926,C0299,2026-09-26,-50.55,insurance,card
T00005,C0206,2026-09-26,-724.71,rent,direct debit
T03000,C0283,2026-09-26,-1497.23,rent,direct debit
T03067,C0204,2026-09-26,-83.56,groceries,direct debit
T01648,C0258,2026-09-26,-61.41,insurance,app transfer
T02677,C0011,2026-09-26,-1502.8,rent,direct debit
T02582,C0100,2026-09-26,-97.47,groceries,direct debit
T05787,C0268,2026-09-26,-52.44,insurance,app transfer
T02000,C0242,2026-09-26,-66.28,groceries,direct debit
T01594,C0087,2026-09-26,-164.61,insurance,app transfer
T00479,C0267,2026-09-26,-74.05,insurance,app transfer
T02686,C0058,2026-09-26,-82.58,groceries,card
T04501,C0198,2026-09-26,-58.0,groceries,online banking
T01012,C0257,2026-09-27,-152.73,insurance,online banking
T02992,C0100,2026-09-27,3804.16,salary,direct debit
T05671,C0250,2026-09-27,-515.86,travel,direct debit
T03296,C0078,2026-09-27,-91.23,insurance,card
T01208,C0254,2026-09-27,-581.42,travel,card
T00736,C0251,2026-09-27,-1242.77,rent,direct debit
T00660,C0028,2026-09-27,-727.37,travel,online banking
T01035,C0100,2026-09-27,-32.88,groceries,direct debit
T04126,C0124,2026-09-27,-37.08,groceries,app transfer
T05637,C0195,2026-09-27,-1139.35,rent,direct debit
T05105,C0230,2026-09-27,2845.38,salary,direct debit
T02972,C0009,2026-09-27,4001.13,salary,card
T04486,C0231,2026-09-27,-171.45,utilities,direct debit
T04298,C0154,2026-09-27,-137.24,shopping,card
T05348,C0192,2026-09-27,-117.81,utilities,direct debit
T04730,C0267,2026-09-27,-366.81,shopping,direct debit
T04222,C0112,2026-09-27,-288.16,shopping,direct debit
T01666,C0052,2026-09-27,-780.43,rent,direct debit
T01277,C0190,2026-09-27,-43.41,restaurants,online banking
T03057,C0193,2026-09-28,-16.37,restaurants,direct debit
T05489,C0195,2026-09-28,-344.73,shopping,online banking
T02576,C0042,2026-09-28,3174.46,salary,direct debit
T05644,C0179,2026-09-28,-758.01,travel,direct debit
T02448,C0029,2026-09-28,-334.19,shopping,app transfer
T05075,C0004,2026-09-28,-79.41,insurance,card
T02431,C0001,2026-09-28,-50.82,travel,direct debit
T05624,C0046,2026-09-28,2293.29,salary,direct debit
T00318,C0037,2026-09-28,-162.2,insurance,card
T03843,C0027,2026-09-28,2200.47,salary,card
T05398,C0092,2026-09-28,-946.97,rent,direct debit
T03980,C0294,2026-09-28,-120.25,utilities,direct debit
T04290,C0176,2026-09-28,-57.23,restaurants,card
T03407,C0242,2026-09-28,-89.61,restaurants,online banking
T05014,C0115,2026-09-28,-50.79,insurance,direct debit
T01231,C0032,2026-09-28,-34.18,utilities,direct debit
T01820,C0274,2026-09-28,-12.38,groceries,card
T04053,C0160,2026-09-28,-55.48,groceries,app transfer
T05573,C0169,2026-09-28,-246.71,utilities,direct debit
T00916,C0093,2026-09-28,-157.92,insurance,direct debit
T03876,C0298,2026-09-28,3692.03,salary,direct debit
T03325,C0153,2026-09-29,-875.3,travel,direct debit
T03243,C0185,2026-09-29,-382.02,shopping,online banking
T02539,C0165,2026-09-29,-833.01,rent,direct debit
T00974,C0061,2026-09-29,-244.89,utilities,direct debit
T05116,C0201,2026-09-29,-117.54,groceries,app transfer
T02568,C0067,2026-09-29,-33.99,restaurants,direct debit
T00134,C0026,2026-09-29,-79.65,utilities,direct debit
T03534,C0299,2026-09-29,-227.63,travel,card
T02494,C0069,2026-09-29,-845.62,rent,direct debit
T04482,C0099,2026-09-29,-644.75,travel,direct debit
T02910,C0126,2026-09-29,-369.51,shopping,online banking
T04416,C0180,2026-09-29,3929.32,salary,direct debit
T02902,C0243,2026-09-29,-15.31,groceries,online banking
T04064,C0173,2026-09-29,-66.44,utilities,direct debit
T01846,C0244,2026-09-29,-58.7,groceries,direct debit
T02987,C0263,2026-09-29,-207.03,shopping,card
T04869,C0177,2026-09-29,-134.46,insurance,card
T02503,C0162,2026-09-29,-137.65,insurance,card
T00348,C0106,2026-09-29,-88.68,restaurants,online banking
T03720,C0062,2026-09-29,-59.28,groceries,card
T03637,C0174,2026-09-29,-105.56,insurance,online banking
T05745,C0099,2026-09-29,-774.18,travel,online banking
T05951,C0003,2026-09-29,-954.22,rent,direct debit
T02272,C0164,2026-09-29,-194.03,shopping,direct debit
T02357,C0289,2026-09-29,-491.54,travel,direct debit
T00785,C0127,2026-09-29,-42.15,groceries,online banking
T05769,C0247,2026-09-29,-451.86,travel,card
T00526,C0003,2026-09-29,-137.79,insurance,online banking
T00924,C0050,2026-09-30,-79.39,groceries,online banking
T00921,C0244,2026-09-30,-101.13,shopping,online banking
T00742,C0119,2026-09-30,-42.06,restaurants,app transfer
T03121,C0096,2026-09-30,2443.95,salary,online banking
T00795,C0035,2026-09-30,1938.78,salary,card
T05508,C0148,2026-09-30,3207.03,salary,direct debit
T02185,C0019,2026-09-30,2505.56,salary,app transfer
T05265,C0160,2026-09-30,-197.69,utilities,direct debit
T03668,C0295,2026-09-30,-171.36,utilities,direct debit
T04940,C0159,2026-09-30,-116.32,groceries,app transfer
T03889,C0128,2026-09-30,-22.07,groceries,online banking
T03991,C0298,2026-09-30,-171.21,insurance,online banking
T01644,C0254,2026-09-30,-1476.74,rent,direct debit
T01581,C0177,2026-09-30,-514.44,travel,online banking
T00702,C0146,2026-09-30,-325.44,shopping,online banking
T01492,C0257,2026-09-30,-266.81,shopping,online banking
T03111,C0020,2026-09-30,-70.92,insurance,card
T02941,C0081,2026-09-30,-125.68,insurance,app transfer
